i,0,1,2,3,4,5,6,7,8,9,10,11,12,13,14,15,16,17,18,19,20
0,FP,FP,FP,FP,FP,FP,TN,TN,TN,TN,TN,TN,TN,TN,TN,TN,TN,TN,TN,TN,TN
1,FP,FP,FP,TN,TN,TN,TN,TN,TN,TN,TN,TN,TN,TN,TN,TN,TN,TN,TN,TN,TN
2,FP,FP,FP,FP,FP,FP,FP,TN,TN,TN,TN,TN,TN,TN,TN,TN,TN,TN,TN,TN,TN
3,FP,FP,FP,FP,FP,FP,TN,TN,TN,TN,TN,TN,TN,TN,TN,TN,TN,TN,TN,TN,TN
4,FP,FP,FP,TN,TN,TN,TN,TN,TN,TN,TN,TN,TN,TN,TN,TN,TN,TN,TN,TN,TN
5,TP,TP,TP,TP,TP,TP,TP,TP,TP,TP,FN,FN,FN,FN,FN,FN,FN,FN,FN,FN,FN
6,FP,FP,FP,TN,TN,TN,TN,TN,TN,TN,TN,TN,TN,TN,TN,TN,TN,TN,TN,TN,TN
7,FP,FP,FP,FP,FP,TN,TN,TN,TN,TN,TN,TN,TN,TN,TN,TN,TN,TN,TN,TN,TN
8,FP,FP,FP,TN,TN,TN,TN,TN,TN,TN,TN,TN,TN,TN,TN,TN,TN,TN,TN,TN,TN
9,TP,TP,TP,TP,TP,TP,TP,TP,TP,TP,TP,TP,FN,FN,FN,FN,FN,FN,FN,FN,FN
10,FP,FP,FP,FP,FP,FP,FP,TN,TN,TN,TN,TN,TN,TN,TN,TN,TN,TN,TN,TN,TN
11,FP,FP,FP,FP,FP,FP,TN,TN,TN,TN,TN,TN,TN,TN,TN,TN,TN,TN,TN,TN,TN
12,FP,FP,FP,FP,TN,TN,TN,TN,TN,TN,TN,TN,TN,TN,TN,TN,TN,TN,TN,TN,TN
13,FP,FP,TN,TN,TN,TN,TN,TN,TN,TN,TN,TN,TN,TN,TN,TN,TN,TN,TN,TN,TN
14,FP,FP,TN,TN,TN,TN,TN,TN,TN,TN,TN,TN,TN,TN,TN,TN,TN,TN,TN,TN,TN
15,FP,FP,FP,FP,FP,FP,FP,TN,TN,TN,TN,TN,TN,TN,TN,TN,TN,TN,TN,TN,TN
16,FP,FP,FP,FP,FP,FP,FP,TN,TN,TN,TN,TN,TN,TN,TN,TN,TN,TN,TN,TN,TN
17,FP,FP,FP,FP,FP,FP,TN,TN,TN,TN,TN,TN,TN,TN,TN,TN,TN,TN,TN,TN,TN
18,TP,TP,TP,TP,TP,TP,TP,TP,TP,TP,TP,TP,TP,TP,TP,TP,TP,TP,FN,FN,FN
19,FP,FP,TN,TN,TN,TN,TN,TN,TN,TN,TN,TN,TN,TN,TN,TN,TN,TN,TN,TN,TN
20,TP,TP,TP,TP,TP,TP,TP,FN,FN,FN,FN,FN,FN,FN,FN,FN,FN,FN,FN,FN,FN
21,FP,FP,TN,TN,TN,TN,TN,TN,TN,TN,TN,TN,TN,TN,TN,TN,TN,TN,TN,TN,TN
22,FP,FP,FP,FP,TN,TN,TN,TN,TN,TN,TN,TN,TN,TN,TN,TN,TN,TN,TN,TN,TN
23,TP,TP,TP,TP,TP,TP,TP,TP,TP,TP,FN,FN,FN,FN,FN,FN,FN,FN,FN,FN,FN
24,FP,FP,FP,FP,FP,TN,TN,TN,TN,TN,TN,TN,TN,TN,TN,TN,TN,TN,TN,TN,TN
25,FP,FP,FP,FP,TN,TN,TN,TN,TN,TN,TN,TN,TN,TN,TN,TN,TN,TN,TN,TN,TN
26,FP,FP,FP,TN,TN,TN,TN,TN,TN,TN,TN,TN,TN,TN,TN,TN,TN,TN,TN,TN,TN
27,FP,FP,FP,FP,FP,TN,TN,TN,TN,TN,TN,TN,TN,TN,TN,TN,TN,TN,TN,TN,TN
28,FP,FP,FP,FP,FP,FP,TN,TN,TN,TN,TN,TN,TN,TN,TN,TN,TN,TN,TN,TN,TN
29,FP,FP,TN,TN,TN,TN,TN,TN,TN,TN,TN,TN,TN,TN,TN,TN,TN,TN,TN,TN,TN
30,FP,FP,FP,FP,TN,TN,TN,TN,TN,TN,TN,TN,TN,TN,TN,TN,TN,TN,TN,TN,TN
31,FP,FP,FP,FP,FP,TN,TN,TN,TN,TN,TN,TN,TN,TN,TN,TN,TN,TN,TN,TN,TN
32,FP,FP,FP,FP,FP,FP,FP,TN,TN,TN,TN,TN,TN,TN,TN,TN,TN,TN,TN,TN,TN
33,TP,TP,TP,TP,TP,TP,TP,TP,TP,TP,TP,TP,TP,TP,TP,TP,TP,FN,FN,FN,FN
34,FP,FP,TN,TN,TN,TN,TN,TN,TN,TN,TN,TN,TN,TN,TN,TN,TN,TN,TN,TN,TN
35,FP,FP,FP,FP,FP,FP,FP,TN,TN,TN,TN,TN,TN,TN,TN,TN,TN,TN,TN,TN,TN
36,FP,FP,FP,FP,FP,FP,FP,TN,TN,TN,TN,TN,TN,TN,TN,TN,TN,TN,TN,TN,TN
37,FP,FP,FP,FP,FP,TN,TN,TN,TN,TN,TN,TN,TN,TN,TN,TN,TN,TN,TN,TN,TN
38,FP,FP,FP,FP,FP,FP,TN,TN,TN,TN,TN,TN,TN,TN,TN,TN,TN,TN,TN,TN,TN
39,FP,FP,FP,FP,FP,FP,TN,TN,TN,TN,TN,TN,TN,TN,TN,TN,TN,TN,TN,TN,TN
40,FP,FP,FP,TN,TN,TN,TN,TN,TN,TN,TN,TN,TN,TN,TN,TN,TN,TN,TN,TN,TN
41,FP,FP,FP,TN,TN,TN,TN,TN,TN,TN,TN,TN,TN,TN,TN,TN,TN,TN,TN,TN,TN
42,FP,FP,FP,FP,FP,FP,TN,TN,TN,TN,TN,TN,TN,TN,TN,TN,TN,TN,TN,TN,TN
43,FP,FP,FP,TN,TN,TN,TN,TN,TN,TN,TN,TN,TN,TN,TN,TN,TN,TN,TN,TN,TN
44,FP,FP,FP,FP,FP,FP,FP,TN,TN,TN,TN,TN,TN,TN,TN,TN,TN,TN,TN,TN,TN
45,FP,FP,FP,FP,FP,TN,TN,TN,TN,TN,TN,TN,TN,TN,TN,TN,TN,TN,TN,TN,TN
46,FP,FP,FP,FP,FP,FP,FP,TN,TN,TN,TN,TN,TN,TN,TN,TN,TN,TN,TN,TN,TN
47,FP,FP,FP,FP,FP,FP,FP,TN,TN,TN,TN,TN,TN,TN,TN,TN,TN,TN,TN,TN,TN
48,FP,FP,FP,FP,FP,FP,FP,TN,TN,TN,TN,TN,TN,TN,TN,TN,TN,TN,TN,TN,TN
49,FP,FP,FP,FP,FP,FP,FP,TN,TN,TN,TN,TN,TN,TN,TN,TN,TN,TN,TN,TN,TN
50,FP,FP,FP,FP,FP,FP,TN,TN,TN,TN,TN,TN,TN,TN,TN,TN,TN,TN,TN,TN,TN
51,TP,TP,TP,TP,TP,TP,TP,TP,TP,TP,TP,TP,TP,FN,FN,FN,FN,FN,FN,FN,FN
52,FP,FP,TN,TN,TN,TN,TN,TN,TN,TN,TN,TN,TN,TN,TN,TN,TN,TN,TN,TN,TN
53,FP,FP,FP,TN,TN,TN,TN,TN,TN,TN,TN,TN,TN,TN,TN,TN,TN,TN,TN,TN,TN
54,TP,TP,TP,TP,TP,TP,TP,TP,FN,FN,FN,FN,FN,FN,FN,FN,FN,FN,FN,FN,FN
55,FP,FP,FP,TN,TN,TN,TN,TN,TN,TN,TN,TN,TN,TN,TN,TN,TN,TN,TN,TN,TN
56,TP,TP,TP,TP,TP,TP,TP,TP,TP,TP,TP,TP,TP,FN,FN,FN,FN,FN,FN,FN,FN
57,FP,FP,FP,FP,TN,TN,TN,TN,TN,TN,TN,TN,TN,TN,TN,TN,TN,TN,TN,TN,TN
58,FP,FP,FP,TN,TN,TN,TN,TN,TN,TN,TN,TN,TN,TN,TN,TN,TN,TN,TN,TN,TN
59,FP,FP,FP,TN,TN,TN,TN,TN,TN,TN,TN,TN,TN,TN,TN,TN,TN,TN,TN,TN,TN
60,FP,FP,FP,FP,FP,FP,TN,TN,TN,TN,TN,TN,TN,TN,TN,TN,TN,TN,TN,TN,TN
61,TP,TP,TP,TP,TP,TP,TP,TP,TP,TP,TP,TP,TP,TP,FN,FN,FN,FN,FN,FN,FN
62,FP,FP,FP,TN,TN,TN,TN,TN,TN,TN,TN,TN,TN,TN,TN,TN,TN,TN,TN,TN,TN
63,TP,TP,TP,TP,TP,TP,TP,FN,FN,FN,FN,FN,FN,FN,FN,FN,FN,FN,FN,FN,FN
64,FP,FP,FP,TN,TN,TN,TN,TN,TN,TN,TN,TN,TN,TN,TN,TN,TN,TN,TN,TN,TN
65,FP,FP,FP,FP,FP,FP,TN,TN,TN,TN,TN,TN,TN,TN,TN,TN,TN,TN,TN,TN,TN
66,FP,FP,FP,FP,TN,TN,TN,TN,TN,TN,TN,TN,TN,TN,TN,TN,TN,TN,TN,TN,TN
67,TP,TP,TP,TP,TP,TP,TP,TP,TP,TP,TP,TP,TP,TP,TP,TP,TP,TP,TP,TP,FN
68,FP,FP,FP,FP,FP,TN,TN,TN,TN,TN,TN,TN,TN,TN,TN,TN,TN,TN,TN,TN,TN
69,FP,FP,FP,TN,TN,TN,TN,TN,TN,TN,TN,TN,TN,TN,TN,TN,TN,TN,TN,TN,TN
70,TP,TP,TP,TP,TP,TP,TP,TP,TP,TP,TP,TP,TP,TP,FN,FN,FN,FN,FN,FN,FN
71,TP,TP,TP,TP,TP,TP,TP,TP,TP,TP,TP,TP,TP,TP,TP,TP,TP,FN,FN,FN,FN
72,TP,TP,TP,TP,TP,TP,TP,TP,TP,TP,TP,TP,TP,TP,TP,FN,FN,FN,FN,FN,FN
73,FP,FP,FP,FP,FP,TN,TN,TN,TN,TN,TN,TN,TN,TN,TN,TN,TN,TN,TN,TN,TN
74,FP,FP,FP,FP,FP,TN,TN,TN,TN,TN,TN,TN,TN,TN,TN,TN,TN,TN,TN,TN,TN
75,FP,FP,FP,TN,TN,TN,TN,TN,TN,TN,TN,TN,TN,TN,TN,TN,TN,TN,TN,TN,TN
76,TP,TP,TP,TP,TP,TP,TP,TP,TP,TP,TP,TP,TP,TP,TP,TP,FN,FN,FN,FN,FN
77,FP,FP,FP,FP,FP,FP,TN,TN,TN,TN,TN,TN,TN,TN,TN,TN,TN,TN,TN,TN,TN
78,TP,TP,TP,TP,TP,TP,TP,TP,TP,TP,TP,TP,TP,TP,TP,FN,FN,FN,FN,FN,FN
79,FP,FP,FP,FP,FP,TN,TN,TN,TN,TN,TN,TN,TN,TN,TN,TN,TN,TN,TN,TN,TN
80,FP,FP,FP,FP,TN,TN,TN,TN,TN,TN,TN,TN,TN,TN,TN,TN,TN,TN,TN,TN,TN
81,FP,FP,FP,FP,TN,TN,TN,TN,TN,TN,TN,TN,TN,TN,TN,TN,TN,TN,TN,TN,TN
82,FP,FP,FP,FP,FP,TN,TN,TN,TN,TN,TN,TN,TN,TN,TN,TN,TN,TN,TN,TN,TN
83,FP,FP,FP,FP,FP,FP,TN,TN,TN,TN,TN,TN,TN,TN,TN,TN,TN,TN,TN,TN,TN
84,FP,FP,TN,TN,TN,TN,TN,TN,TN,TN,TN,TN,TN,TN,TN,TN,TN,TN,TN,TN,TN
85,FP,FP,TN,TN,TN,TN,TN,TN,TN,TN,TN,TN,TN,TN,TN,TN,TN,TN,TN,TN,TN
86,FP,FP,FP,FP,FP,FP,FP,TN,TN,TN,TN,TN,TN,TN,TN,TN,TN,TN,TN,TN,TN
87,TP,TP,TP,TP,TP,TP,TP,TP,TP,FN,FN,FN,FN,FN,FN,FN,FN,FN,FN,FN,FN
88,FP,FP,FP,FP,FP,FP,TN,TN,TN,TN,TN,TN,TN,TN,TN,TN,TN,TN,TN,TN,TN
89,FP,FP,FP,FP,FP,TN,TN,TN,TN,TN,TN,TN,TN,TN,TN,TN,TN,TN,TN,TN,TN
90,FP,FP,FP,FP,TN,TN,TN,TN,TN,TN,TN,TN,TN,TN,TN,TN,TN,TN,TN,TN,TN
91,FP,FP,TN,TN,TN,TN,TN,TN,TN,TN,TN,TN,TN,TN,TN,TN,TN,TN,TN,TN,TN
92,FP,FP,FP,FP,TN,TN,TN,TN,TN,TN,TN,TN,TN,TN,TN,TN,TN,TN,TN,TN,TN
93,FP,FP,TN,TN,TN,TN,TN,TN,TN,TN,TN,TN,TN,TN,TN,TN,TN,TN,TN,TN,TN
94,TP,TP,TP,TP,TP,TP,TP,TP,TP,TP,TP,TP,TP,TP,TP,TP,FN,FN,FN,FN,FN
95,FP,FP,FP,TN,TN,TN,TN,TN,TN,TN,TN,TN,TN,TN,TN,TN,TN,TN,TN,TN,TN
96,TP,TP,TP,TP,TP,TP,FN,FN,FN,FN,FN,FN,FN,FN,FN,FN,FN,FN,FN,FN,FN
97,FP,FP,FP,FP,TN,TN,TN,TN,TN,TN,TN,TN,TN,TN,TN,TN,TN,TN,TN,TN,TN
98,FP,FP,FP,FP,FP,FP,FP,TN,TN,TN,TN,TN,TN,TN,TN,TN,TN,TN,TN,TN,TN
99,FP,FP,FP,TN,TN,TN,TN,TN,TN,TN,TN,TN,TN,TN,TN,TN,TN,TN,TN,TN,TN
100,FP,FP,TN,TN,TN,TN,TN,TN,TN,TN,TN,TN,TN,TN,TN,TN,TN,TN,TN,TN,TN
101,FP,FP,FP,FP,FP,FP,TN,TN,TN,TN,TN,TN,TN,TN,TN,TN,TN,TN,TN,TN,TN
102,TP,TP,TP,TP,TP,TP,TP,FN,FN,FN,FN,FN,FN,FN,FN,FN,FN,FN,FN,FN,FN
103,FP,FP,FP,FP,FP,FP,FP,TN,TN,TN,TN,TN,TN,TN,TN,TN,TN,TN,TN,TN,TN
104,TP,TP,TP,TP,TP,TP,TP,TP,TP,TP,TP,TP,TP,TP,TP,TP,FN,FN,FN,FN,FN
105,FP,FP,TN,TN,TN,TN,TN,TN,TN,TN,TN,TN,TN,TN,TN,TN,TN,TN,TN,TN,TN
106,TP,TP,TP,TP,TP,TP,FN,FN,FN,FN,FN,FN,FN,FN,FN,FN,FN,FN,FN,FN,FN
107,FP,FP,FP,TN,TN,TN,TN,TN,TN,TN,TN,TN,TN,TN,TN,TN,TN,TN,TN,TN,TN
108,FP,FP,FP,FP,FP,FP,TN,TN,TN,TN,TN,TN,TN,TN,TN,TN,TN,TN,TN,TN,TN
109,FP,FP,FP,FP,FP,FP,FP,TN,TN,TN,TN,TN,TN,TN,TN,TN,TN,TN,TN,TN,TN
110,FP,FP,FP,FP,FP,TN,TN,TN,TN,TN,TN,TN,TN,TN,TN,TN,TN,TN,TN,TN,TN
111,FP,FP,FP,FP,FP,TN,TN,TN,TN,TN,TN,TN,TN,TN,TN,TN,TN,TN,TN,TN,TN
112,TP,TP,TP,TP,TP,TP,TP,TP,TP,TP,TP,TP,TP,TP,FN,FN,FN,FN,FN,FN,FN
113,TP,TP,TP,TP,TP,TP,TP,FN,FN,FN,FN,FN,FN,FN,FN,FN,FN,FN,FN,FN,FN
114,FP,FP,FP,FP,FP,FP,FP,TN,TN,TN,TN,TN,TN,TN,TN,TN,TN,TN,TN,TN,TN
115,TP,TP,TP,TP,TP,TP,TP,TP,TP,TP,TP,FN,FN,FN,FN,FN,FN,FN,FN,FN,FN
116,TP,TP,TP,TP,TP,FN,FN,FN,FN,FN,FN,FN,FN,FN,FN,FN,FN,FN,FN,FN,FN
117,FP,FP,TN,TN,TN,TN,TN,TN,TN,TN,TN,TN,TN,TN,TN,TN,TN,TN,TN,TN,TN
118,FP,FP,FP,FP,FP,FP,TN,TN,TN,TN,TN,TN,TN,TN,TN,TN,TN,TN,TN,TN,TN
119,FP,FP,FP,FP,FP,FP,TN,TN,TN,TN,TN,TN,TN,TN,TN,TN,TN,TN,TN,TN,TN
120,FP,FP,FP,FP,FP,FP,FP,TN,TN,TN,TN,TN,TN,TN,TN,TN,TN,TN,TN,TN,TN
121,FP,FP,FP,TN,TN,TN,TN,TN,TN,TN,TN,TN,TN,TN,TN,TN,TN,TN,TN,TN,TN
122,FP,FP,FP,FP,FP,TN,TN,TN,TN,TN,TN,TN,TN,TN,TN,TN,TN,TN,TN,TN,TN
123,FP,FP,FP,FP,FP,FP,FP,TN,TN,TN,TN,TN,TN,TN,TN,TN,TN,TN,TN,TN,TN
124,FP,FP,FP,TN,TN,TN,TN,TN,TN,TN,TN,TN,TN,TN,TN,TN,TN,TN,TN,TN,TN
125,FP,FP,FP,FP,FP,FP,TN,TN,TN,TN,TN,TN,TN,TN,TN,TN,TN,TN,TN,TN,TN
126,FP,FP,FP,FP,FP,FP,FP,TN,TN,TN,TN,TN,TN,TN,TN,TN,TN,TN,TN,TN,TN
127,FP,FP,FP,FP,FP,FP,TN,TN,TN,TN,TN,TN,TN,TN,TN,TN,TN,TN,TN,TN,TN
128,FP,FP,TN,TN,TN,TN,TN,TN,TN,TN,TN,TN,TN,TN,TN,TN,TN,TN,TN,TN,TN
129,FP,FP,FP,FP,FP,FP,TN,TN,TN,TN,TN,TN,TN,TN,TN,TN,TN,TN,TN,TN,TN
130,FP,FP,FP,FP,TN,TN,TN,TN,TN,TN,TN,TN,TN,TN,TN,TN,TN,TN,TN,TN,TN
131,TP,TP,TP,TP,TP,TP,TP,TP,TP,TP,TP,TP,TP,TP,TP,TP,TP,TP,TP,TP,FN
132,TP,TP,TP,TP,TP,TP,TP,TP,TP,FN,FN,FN,FN,FN,FN,FN,FN,FN,FN,FN,FN
133,TP,TP,TP,TP,TP,TP,TP,TP,TP,TP,TP,TP,TP,TP,TP,TP,TP,TP,TP,TP,FN
134,FP,FP,FP,FP,FP,FP,TN,TN,TN,TN,TN,TN,TN,TN,TN,TN,TN,TN,TN,TN,TN
135,FP,FP,FP,TN,TN,TN,TN,TN,TN,TN,TN,TN,TN,TN,TN,TN,TN,TN,TN,TN,TN
136,TP,TP,TP,TP,TP,TP,TP,TP,FN,FN,FN,FN,FN,FN,FN,FN,FN,FN,FN,FN,FN
137,FP,FP,FP,FP,FP,FP,FP,TN,TN,TN,TN,TN,TN,TN,TN,TN,TN,TN,TN,TN,TN
138,TP,TP,TP,FN,FN,FN,FN,FN,FN,FN,FN,FN,FN,FN,FN,FN,FN,FN,FN,FN,FN
139,FP,FP,FP,FP,TN,TN,TN,TN,TN,TN,TN,TN,TN,TN,TN,TN,TN,TN,TN,TN,TN
140,FP,FP,FP,FP,FP,FP,TN,TN,TN,TN,TN,TN,TN,TN,TN,TN,TN,TN,TN,TN,TN
141,FP,FP,FP,FP,FP,FP,TN,TN,TN,TN,TN,TN,TN,TN,TN,TN,TN,TN,TN,TN,TN
142,TP,TP,TP,TP,TP,TP,TP,TP,TP,TP,TP,TP,TP,TP,TP,TP,TP,FN,FN,FN,FN
143,FP,FP,FP,FP,FP,FP,FP,TN,TN,TN,TN,TN,TN,TN,TN,TN,TN,TN,TN,TN,TN
144,TP,TP,TP,TP,TP,TP,TP,TP,FN,FN,FN,FN,FN,FN,FN,FN,FN,FN,FN,FN,FN
145,FP,FP,FP,TN,TN,TN,TN,TN,TN,TN,TN,TN,TN,TN,TN,TN,TN,TN,TN,TN,TN
146,FP,FP,FP,TN,TN,TN,TN,TN,TN,TN,TN,TN,TN,TN,TN,TN,TN,TN,TN,TN,TN
147,FP,FP,FP,FP,FP,FP,FP,TN,TN,TN,TN,TN,TN,TN,TN,TN,TN,TN,TN,TN,TN
148,FP,FP,FP,FP,FP,FP,FP,TN,TN,TN,TN,TN,TN,TN,TN,TN,TN,TN,TN,TN,TN
149,FP,FP,FP,FP,FP,FP,FP,TN,TN,TN,TN,TN,TN,TN,TN,TN,TN,TN,TN,TN,TN
150,FP,FP,FP,FP,FP,FP,TN,TN,TN,TN,TN,TN,TN,TN,TN,TN,TN,TN,TN,TN,TN
151,FP,FP,FP,FP,TN,TN,TN,TN,TN,TN,TN,TN,TN,TN,TN,TN,TN,TN,TN,TN,TN
152,FP,FP,FP,FP,TN,TN,TN,TN,TN,TN,TN,TN,TN,TN,TN,TN,TN,TN,TN,TN,TN
153,TP,TP,TP,TP,TP,FN,FN,FN,FN,FN,FN,FN,FN,FN,FN,FN,FN,FN,FN,FN,FN
154,FP,FP,FP,FP,FP,FP,FP,TN,TN,TN,TN,TN,TN,TN,TN,TN,TN,TN,TN,TN,TN
155,TP,TP,TP,TP,TP,TP,TP,TP,TP,TP,TP,TP,TP,TP,TP,TP,TP,TP,TP,TP,FN
156,FP,FP,FP,TN,TN,TN,TN,TN,TN,TN,TN,TN,TN,TN,TN,TN,TN,TN,TN,TN,TN
157,FP,FP,FP,TN,TN,TN,TN,TN,TN,TN,TN,TN,TN,TN,TN,TN,TN,TN,TN,TN,TN
158,FP,FP,FP,FP,FP,FP,TN,TN,TN,TN,TN,TN,TN,TN,TN,TN,TN,TN,TN,TN,TN
159,FP,FP,FP,TN,TN,TN,TN,TN,TN,TN,TN,TN,TN,TN,TN,TN,TN,TN,TN,TN,TN
160,FP,FP,TN,TN,TN,TN,TN,TN,TN,TN,TN,TN,TN,TN,TN,TN,TN,TN,TN,TN,TN
161,FP,FP,FP,FP,FP,FP,TN,TN,TN,TN,TN,TN,TN,TN,TN,TN,TN,TN,TN,TN,TN
162,FP,FP,FP,FP,TN,TN,TN,TN,TN,TN,TN,TN,TN,TN,TN,TN,TN,TN,TN,TN,TN
163,FP,FP,FP,FP,FP,FP,FP,TN,TN,TN,TN,TN,TN,TN,TN,TN,TN,TN,TN,TN,TN
164,TP,TP,TP,TP,TP,TP,TP,TP,TP,TP,TP,TP,TP,TP,TP,FN,FN,FN,FN,FN,FN
165,TP,TP,TP,TP,TP,TP,TP,TP,TP,TP,FN,FN,FN,FN,FN,FN,FN,FN,FN,FN,FN
166,TP,TP,TP,TP,TP,TP,TP,TP,TP,TP,TP,TP,FN,FN,FN,FN,FN,FN,FN,FN,FN
167,FP,FP,FP,FP,FP,TN,TN,TN,TN,TN,TN,TN,TN,TN,TN,TN,TN,TN,TN,TN,TN
168,FP,FP,TN,TN,TN,TN,TN,TN,TN,TN,TN,TN,TN,TN,TN,TN,TN,TN,TN,TN,TN
169,TP,TP,TP,TP,TP,TP,TP,TP,TP,TP,TP,TP,TP,TP,TP,TP,TP,TP,FN,FN,FN
170,FP,FP,FP,TN,TN,TN,TN,TN,TN,TN,TN,TN,TN,TN,TN,TN,TN,TN,TN,TN,TN
171,FP,FP,FP,FP,FP,FP,TN,TN,TN,TN,TN,TN,TN,TN,TN,TN,TN,TN,TN,TN,TN
172,TP,TP,TP,TP,TP,TP,TP,TP,TP,TP,TP,TP,TP,TP,TP,TP,TP,FN,FN,FN,FN
173,FP,FP,FP,FP,FP,FP,FP,TN,TN,TN,TN,TN,TN,TN,TN,TN,TN,TN,TN,TN,TN
174,FP,FP,FP,FP,FP,FP,FP,TN,TN,TN,TN,TN,TN,TN,TN,TN,TN,TN,TN,TN,TN
175,FP,FP,FP,TN,TN,TN,TN,TN,TN,TN,TN,TN,TN,TN,TN,TN,TN,TN,TN,TN,TN
176,TP,TP,TP,TP,TP,TP,TP,TP,TP,TP,FN,FN,FN,FN,FN,FN,FN,FN,FN,FN,FN
177,TP,TP,TP,TP,FN,FN,FN,FN,FN,FN,FN,FN,FN,FN,FN,FN,FN,FN,FN,FN,FN
178,FP,FP,FP,FP,FP,FP,TN,TN,TN,TN,TN,TN,TN,TN,TN,TN,TN,TN,TN,TN,TN
179,FP,FP,FP,FP,FP,FP,TN,TN,TN,TN,TN,TN,TN,TN,TN,TN,TN,TN,TN,TN,TN
180,FP,FP,FP,FP,FP,TN,TN,TN,TN,TN,TN,TN,TN,TN,TN,TN,TN,TN,TN,TN,TN
181,FP,FP,FP,FP,FP,FP,TN,TN,TN,TN,TN,TN,TN,TN,TN,TN,TN,TN,TN,TN,TN
182,FP,FP,FP,FP,FP,FP,TN,TN,TN,TN,TN,TN,TN,TN,TN,TN,TN,TN,TN,TN,TN
183,TP,TP,TP,TP,TP,TP,TP,TP,TP,TP,TP,TP,TP,TP,TP,FN,FN,FN,FN,FN,FN
184,FP,FP,FP,TN,TN,TN,TN,TN,TN,TN,TN,TN,TN,TN,TN,TN,TN,TN,TN,TN,TN
185,FP,FP,FP,FP,TN,TN,TN,TN,TN,TN,TN,TN,TN,TN,TN,TN,TN,TN,TN,TN,TN
186,FP,FP,FP,FP,FP,FP,TN,TN,TN,TN,TN,TN,TN,TN,TN,TN,TN,TN,TN,TN,TN
187,FP,FP,FP,TN,TN,TN,TN,TN,TN,TN,TN,TN,TN,TN,TN,TN,TN,TN,TN,TN,TN
188,TP,TP,TP,TP,TP,TP,TP,TP,FN,FN,FN,FN,FN,FN,FN,FN,FN,FN,FN,FN,FN
189,TP,TP,TP,TP,TP,TP,TP,TP,TP,TP,TP,FN,FN,FN,FN,FN,FN,FN,FN,FN,FN
190,FP,FP,FP,TN,TN,TN,TN,TN,TN,TN,TN,TN,TN,TN,TN,TN,TN,TN,TN,TN,TN
191,FP,FP,FP,TN,TN,TN,TN,TN,TN,TN,TN,TN,TN,TN,TN,TN,TN,TN,TN,TN,TN
192,TP,TP,TP,TP,TP,TP,TP,TP,TP,TP,TP,TP,FN,FN,FN,FN,FN,FN,FN,FN,FN
193,FP,FP,FP,FP,FP,FP,FP,TN,TN,TN,TN,TN,TN,TN,TN,TN,TN,TN,TN,TN,TN
194,FP,FP,FP,FP,TN,TN,TN,TN,TN,TN,TN,TN,TN,TN,TN,TN,TN,TN,TN,TN,TN
195,FP,FP,TN,TN,TN,TN,TN,TN,TN,TN,TN,TN,TN,TN,TN,TN,TN,TN,TN,TN,TN
196,FP,FP,FP,FP,FP,FP,FP,TN,TN,TN,TN,TN,TN,TN,TN,TN,TN,TN,TN,TN,TN
197,FP,FP,FP,FP,FP,TN,TN,TN,TN,TN,TN,TN,TN,TN,TN,TN,TN,TN,TN,TN,TN
198,TP,TP,TP,TP,TP,TP,TP,TP,TP,TP,TP,TP,TP,TP,TP,TP,TP,FN,FN,FN,FN
199,TP,TP,TP,TP,TP,TP,TP,TP,TP,TP,FN,FN,FN,FN,FN,FN,FN,FN,FN,FN,FN
200,TP,TP,TP,TP,TP,TP,TP,TP,FN,FN,FN,FN,FN,FN,FN,FN,FN,FN,FN,FN,FN
201,FP,FP,FP,FP,FP,TN,TN,TN,TN,TN,TN,TN,TN,TN,TN,TN,TN,TN,TN,TN,TN
202,TP,TP,TP,TP,TP,TP,TP,TP,TP,TP,TP,TP,TP,TP,TP,TP,TP,FN,FN,FN,FN
203,TP,TP,TP,TP,TP,TP,TP,TP,TP,FN,FN,FN,FN,FN,FN,FN,FN,FN,FN,FN,FN
204,TP,TP,TP,TP,TP,TP,TP,TP,TP,TP,TP,TP,TP,TP,TP,TP,TP,TP,FN,FN,FN
205,FP,FP,FP,FP,FP,FP,TN,TN,TN,TN,TN,TN,TN,TN,TN,TN,TN,TN,TN,TN,TN
206,FP,FP,FP,FP,FP,TN,TN,TN,TN,TN,TN,TN,TN,TN,TN,TN,TN,TN,TN,TN,TN
207,FP,FP,FP,TN,TN,TN,TN,TN,TN,TN,TN,TN,TN,TN,TN,TN,TN,TN,TN,TN,TN
208,FP,FP,FP,FP,FP,FP,TN,TN,TN,TN,TN,TN,TN,TN,TN,TN,TN,TN,TN,TN,TN
209,FP,FP,FP,FP,FP,FP,TN,TN,TN,TN,TN,TN,TN,TN,TN,TN,TN,TN,TN,TN,TN
210,TP,TP,TP,TP,TP,FN,FN,FN,FN,FN,FN,FN,FN,FN,FN,FN,FN,FN,FN,FN,FN
211,FP,FP,FP,TN,TN,TN,TN,TN,TN,TN,TN,TN,TN,TN,TN,TN,TN,TN,TN,TN,TN
212,FP,FP,FP,TN,TN,TN,TN,TN,TN,TN,TN,TN,TN,TN,TN,TN,TN,TN,TN,TN,TN
213,FP,FP,FP,FP,FP,TN,TN,TN,TN,TN,TN,TN,TN,TN,TN,TN,TN,TN,TN,TN,TN
214,FP,FP,FP,FP,FP,TN,TN,TN,TN,TN,TN,TN,TN,TN,TN,TN,TN,TN,TN,TN,TN
215,TP,TP,TP,TP,TP,TP,TP,TP,TP,TP,TP,FN,FN,FN,FN,FN,FN,FN,FN,FN,FN
216,FP,FP,FP,FP,FP,FP,TN,TN,TN,TN,TN,TN,TN,TN,TN,TN,TN,TN,TN,TN,TN
217,FP,FP,FP,TN,TN,TN,TN,TN,TN,TN,TN,TN,TN,TN,TN,TN,TN,TN,TN,TN,TN
218,FP,FP,FP,TN,TN,TN,TN,TN,TN,TN,TN,TN,TN,TN,TN,TN,TN,TN,TN,TN,TN
219,FP,FP,FP,FP,FP,TN,TN,TN,TN,TN,TN,TN,TN,TN,TN,TN,TN,TN,TN,TN,TN
220,FP,FP,FP,FP,TN,TN,TN,TN,TN,TN,TN,TN,TN,TN,TN,TN,TN,TN,TN,TN,TN
221,FP,FP,FP,FP,FP,FP,FP,TN,TN,TN,TN,TN,TN,TN,TN,TN,TN,TN,TN,TN,TN
222,FP,FP,FP,FP,TN,TN,TN,TN,TN,TN,TN,TN,TN,TN,TN,TN,TN,TN,TN,TN,TN
223,FP,FP,FP,FP,TN,TN,TN,TN,TN,TN,TN,TN,TN,TN,TN,TN,TN,TN,TN,TN,TN
224,FP,FP,FP,FP,FP,FP,FP,TN,TN,TN,TN,TN,TN,TN,TN,TN,TN,TN,TN,TN,TN
225,TP,TP,TP,TP,TP,TP,TP,FN,FN,FN,FN,FN,FN,FN,FN,FN,FN,FN,FN,FN,FN
226,TP,TP,TP,TP,TP,FN,FN,FN,FN,FN,FN,FN,FN,FN,FN,FN,FN,FN,FN,FN,FN
227,TP,TP,TP,TP,TP,FN,FN,FN,FN,FN,FN,FN,FN,FN,FN,FN,FN,FN,FN,FN,FN
228,TP,TP,TP,TP,TP,TP,TP,TP,TP,TP,TP,TP,TP,TP,TP,TP,TP,FN,FN,FN,FN
229,FP,FP,FP,FP,FP,FP,FP,TN,TN,TN,TN,TN,TN,TN,TN,TN,TN,TN,TN,TN,TN
230,FP,FP,FP,TN,TN,TN,TN,TN,TN,TN,TN,TN,TN,TN,TN,TN,TN,TN,TN,TN,TN
231,TP,TP,TP,TP,TP,TP,TP,TP,TP,TP,TP,TP,TP,TP,FN,FN,FN,FN,FN,FN,FN
232,TP,TP,TP,TP,TP,TP,TP,TP,TP,TP,TP,FN,FN,FN,FN,FN,FN,FN,FN,FN,FN
233,TP,TP,TP,TP,TP,TP,TP,TP,TP,TP,TP,TP,TP,TP,TP,TP,TP,TP,TP,TP,FN
234,FP,FP,FP,TN,TN,TN,TN,TN,TN,TN,TN,TN,TN,TN,TN,TN,TN,TN,TN,TN,TN
235,FP,FP,FP,FP,FP,FP,FP,TN,TN,TN,TN,TN,TN,TN,TN,TN,TN,TN,TN,TN,TN
236,TP,TP,TP,TP,TP,TP,TP,TP,TP,TP,TP,FN,FN,FN,FN,FN,FN,FN,FN,FN,FN
237,FP,FP,FP,FP,FP,FP,TN,TN,TN,TN,TN,TN,TN,TN,TN,TN,TN,TN,TN,TN,TN
238,FP,FP,FP,FP,FP,TN,TN,TN,TN,TN,TN,TN,TN,TN,TN,TN,TN,TN,TN,TN,TN
239,FP,FP,FP,FP,FP,FP,FP,TN,TN,TN,TN,TN,TN,TN,TN,TN,TN,TN,TN,TN,TN
240,FP,FP,FP,FP,FP,FP,TN,TN,TN,TN,TN,TN,TN,TN,TN,TN,TN,TN,TN,TN,TN
241,TP,TP,TP,TP,TP,TP,TP,TP,FN,FN,FN,FN,FN,FN,FN,FN,FN,FN,FN,FN,FN
242,TP,TP,TP,TP,TP,TP,TP,TP,TP,TP,TP,TP,TP,TP,TP,FN,FN,FN,FN,FN,FN
243,FP,FP,FP,TN,TN,TN,TN,TN,TN,TN,TN,TN,TN,TN,TN,TN,TN,TN,TN,TN,TN
244,TP,TP,TP,TP,TP,TP,TP,FN,FN,FN,FN,FN,FN,FN,FN,FN,FN,FN,FN,FN,FN
245,FP,FP,FP,FP,FP,TN,TN,TN,TN,TN,TN,TN,TN,TN,TN,TN,TN,TN,TN,TN,TN
246,FP,FP,FP,TN,TN,TN,TN,TN,TN,TN,TN,TN,TN,TN,TN,TN,TN,TN,TN,TN,TN
247,FP,FP,FP,TN,TN,TN,TN,TN,TN,TN,TN,TN,TN,TN,TN,TN,TN,TN,TN,TN,TN
248,FP,FP,FP,TN,TN,TN,TN,TN,TN,TN,TN,TN,TN,TN,TN,TN,TN,TN,TN,TN,TN
249,FP,FP,FP,TN,TN,TN,TN,TN,TN,TN,TN,TN,TN,TN,TN,TN,TN,TN,TN,TN,TN
250,TP,TP,TP,TP,TP,TP,TP,TP,TP,TP,TP,FN,FN,FN,FN,FN,FN,FN,FN,FN,FN
251,FP,FP,FP,TN,TN,TN,TN,TN,TN,TN,TN,TN,TN,TN,TN,TN,TN,TN,TN,TN,TN
252,FP,FP,FP,FP,FP,FP,FP,TN,TN,TN,TN,TN,TN,TN,TN,TN,TN,TN,TN,TN,TN
253,TP,TP,TP,TP,TP,TP,TP,TP,TP,TP,TP,TP,TP,TP,TP,TP,FN,FN,FN,FN,FN
254,FP,FP,FP,TN,TN,TN,TN,TN,TN,TN,TN,TN,TN,TN,TN,TN,TN,TN,TN,TN,TN
255,FP,FP,FP,FP,FP,FP,TN,TN,TN,TN,TN,TN,TN,TN,TN,TN,TN,TN,TN,TN,TN
256,FP,FP,FP,FP,FP,TN,TN,TN,TN,TN,TN,TN,TN,TN,TN,TN,TN,TN,TN,TN,TN
257,FP,FP,FP,TN,TN,TN,TN,TN,TN,TN,TN,TN,TN,TN,TN,TN,TN,TN,TN,TN,TN
258,FP,FP,FP,FP,FP,FP,TN,TN,TN,TN,TN,TN,TN,TN,TN,TN,TN,TN,TN,TN,TN
259,FP,FP,FP,FP,TN,TN,TN,TN,TN,TN,TN,TN,TN,TN,TN,TN,TN,TN,TN,TN,TN
260,TP,TP,TP,TP,TP,TP,TP,TP,TP,TP,TP,TP,TP,TP,TP,TP,TP,TP,TP,TP,FN
261,FP,FP,TN,TN,TN,TN,TN,TN,TN,TN,TN,TN,TN,TN,TN,TN,TN,TN,TN,TN,TN
262,FP,FP,FP,TN,TN,TN,TN,TN,TN,TN,TN,TN,TN,TN,TN,TN,TN,TN,TN,TN,TN
263,FP,FP,FP,FP,TN,TN,TN,TN,TN,TN,TN,TN,TN,TN,TN,TN,TN,TN,TN,TN,TN
264,FP,FP,FP,FP,FP,TN,TN,TN,TN,TN,TN,TN,TN,TN,TN,TN,TN,TN,TN,TN,TN
265,FP,FP,FP,FP,TN,TN,TN,TN,TN,TN,TN,TN,TN,TN,TN,TN,TN,TN,TN,TN,TN
266,FP,FP,TN,TN,TN,TN,TN,TN,TN,TN,TN,TN,TN,TN,TN,TN,TN,TN,TN,TN,TN
267,TP,TP,TP,TP,TP,TP,TP,TP,TP,TP,TP,TP,TP,TP,TP,TP,TP,TP,TP,FN,FN
268,TP,TP,TP,TP,TP,TP,TP,TP,TP,TP,TP,TP,TP,TP,TP,TP,TP,TP,TP,TP,FN
269,FP,FP,FP,FP,FP,TN,TN,TN,TN,TN,TN,TN,TN,TN,TN,TN,TN,TN,TN,TN,TN
270,TP,TP,TP,TP,TP,TP,TP,TP,TP,TP,TP,TP,TP,TP,TP,TP,TP,TP,TP,FN,FN
271,FP,FP,FP,FP,FP,FP,TN,TN,TN,TN,TN,TN,TN,TN,TN,TN,TN,TN,TN,TN,TN
272,TP,TP,TP,TP,TP,TP,TP,TP,TP,TP,TP,TP,TP,TP,TP,TP,TP,TP,TP,TP,FN
273,FP,FP,FP,FP,FP,FP,TN,TN,TN,TN,TN,TN,TN,TN,TN,TN,TN,TN,TN,TN,TN
274,FP,FP,FP,FP,FP,TN,TN,TN,TN,TN,TN,TN,TN,TN,TN,TN,TN,TN,TN,TN,TN
275,FP,FP,FP,FP,FP,TN,TN,TN,TN,TN,TN,TN,TN,TN,TN,TN,TN,TN,TN,TN,TN
276,FP,FP,FP,FP,FP,FP,FP,TN,TN,TN,TN,TN,TN,TN,TN,TN,TN,TN,TN,TN,TN
277,TP,TP,TP,TP,TP,TP,TP,TP,TP,TP,FN,FN,FN,FN,FN,FN,FN,FN,FN,FN,FN
278,TP,TP,TP,TP,TP,TP,TP,TP,TP,TP,TP,TP,TP,TP,TP,TP,FN,FN,FN,FN,FN
279,FP,FP,TN,TN,TN,TN,TN,TN,TN,TN,TN,TN,TN,TN,TN,TN,TN,TN,TN,TN,TN
280,FP,TN,TN,TN,TN,TN,TN,TN,TN,TN,TN,TN,TN,TN,TN,TN,TN,TN,TN,TN,TN
281,TP,TP,TP,TP,TP,TP,TP,TP,TP,TP,TP,TP,FN,FN,FN,FN,FN,FN,FN,FN,FN
282,TP,TP,TP,TP,TP,TP,TP,TP,TP,TP,TP,TP,TP,TP,TP,TP,FN,FN,FN,FN,FN
283,FP,FP,FP,FP,FP,TN,TN,TN,TN,TN,TN,TN,TN,TN,TN,TN,TN,TN,TN,TN,TN
284,FP,FP,FP,TN,TN,TN,TN,TN,TN,TN,TN,TN,TN,TN,TN,TN,TN,TN,TN,TN,TN
285,FP,FP,FP,FP,FP,TN,TN,TN,TN,TN,TN,TN,TN,TN,TN,TN,TN,TN,TN,TN,TN
286,FP,FP,FP,FP,FP,TN,TN,TN,TN,TN,TN,TN,TN,TN,TN,TN,TN,TN,TN,TN,TN
287,FP,FP,FP,TN,TN,TN,TN,TN,TN,TN,TN,TN,TN,TN,TN,TN,TN,TN,TN,TN,TN
288,FP,FP,FP,FP,FP,FP,FP,TN,TN,TN,TN,TN,TN,TN,TN,TN,TN,TN,TN,TN,TN
289,FP,FP,FP,FP,FP,FP,FP,TN,TN,TN,TN,TN,TN,TN,TN,TN,TN,TN,TN,TN,TN
290,FP,FP,FP,TN,TN,TN,TN,TN,TN,TN,TN,TN,TN,TN,TN,TN,TN,TN,TN,TN,TN
291,FP,FP,FP,TN,TN,TN,TN,TN,TN,TN,TN,TN,TN,TN,TN,TN,TN,TN,TN,TN,TN
292,FP,FP,FP,FP,FP,FP,TN,TN,TN,TN,TN,TN,TN,TN,TN,TN,TN,TN,TN,TN,TN
293,FP,FP,FP,FP,FP,FP,TN,TN,TN,TN,TN,TN,TN,TN,TN,TN,TN,TN,TN,TN,TN
294,FP,FP,TN,TN,TN,TN,TN,TN,TN,TN,TN,TN,TN,TN,TN,TN,TN,TN,TN,TN,TN
295,TP,TP,TP,TP,TP,FN,FN,FN,FN,FN,FN,FN,FN,FN,FN,FN,FN,FN,FN,FN,FN
296,TP,TP,TP,TP,TP,TP,TP,TP,FN,FN,FN,FN,FN,FN,FN,FN,FN,FN,FN,FN,FN
297,FP,FP,FP,FP,FP,TN,TN,TN,TN,TN,TN,TN,TN,TN,TN,TN,TN,TN,TN,TN,TN
298,FP,FP,FP,FP,TN,TN,TN,TN,TN,TN,TN,TN,TN,TN,TN,TN,TN,TN,TN,TN,TN
299,FP,FP,FP,TN,TN,TN,TN,TN,TN,TN,TN,TN,TN,TN,TN,TN,TN,TN,TN,TN,TN
300,TP,TP,TP,TP,TP,TP,TP,TP,TP,TP,FN,FN,FN,FN,FN,FN,FN,FN,FN,FN,FN
301,TP,TP,TP,TP,TP,TP,TP,TP,TP,TP,TP,TP,TP,FN,FN,FN,FN,FN,FN,FN,FN
302,TP,TP,TP,TP,TP,TP,FN,FN,FN,FN,FN,FN,FN,FN,FN,FN,FN,FN,FN,FN,FN
303,FP,FP,FP,FP,FP,FP,FP,TN,TN,TN,TN,TN,TN,TN,TN,TN,TN,TN,TN,TN,TN
304,FP,FP,FP,TN,TN,TN,TN,TN,TN,TN,TN,TN,TN,TN,TN,TN,TN,TN,TN,TN,TN
305,FP,FP,TN,TN,TN,TN,TN,TN,TN,TN,TN,TN,TN,TN,TN,TN,TN,TN,TN,TN,TN
306,FP,FP,TN,TN,TN,TN,TN,TN,TN,TN,TN,TN,TN,TN,TN,TN,TN,TN,TN,TN,TN
307,FP,FP,FP,FP,FP,FP,TN,TN,TN,TN,TN,TN,TN,TN,TN,TN,TN,TN,TN,TN,TN
308,FP,FP,TN,TN,TN,TN,TN,TN,TN,TN,TN,TN,TN,TN,TN,TN,TN,TN,TN,TN,TN
309,FP,FP,FP,FP,FP,FP,FP,TN,TN,TN,TN,TN,TN,TN,TN,TN,TN,TN,TN,TN,TN
310,FP,FP,FP,FP,FP,TN,TN,TN,TN,TN,TN,TN,TN,TN,TN,TN,TN,TN,TN,TN,TN
311,TP,TP,TP,TP,TP,TP,TP,FN,FN,FN,FN,FN,FN,FN,FN,FN,FN,FN,FN,FN,FN
312,FP,FP,FP,FP,TN,TN,TN,TN,TN,TN,TN,TN,TN,TN,TN,TN,TN,TN,TN,TN,TN
313,FP,FP,FP,TN,TN,TN,TN,TN,TN,TN,TN,TN,TN,TN,TN,TN,TN,TN,TN,TN,TN
314,FP,FP,FP,TN,TN,TN,TN,TN,TN,TN,TN,TN,TN,TN,TN,TN,TN,TN,TN,TN,TN
315,FP,FP,FP,FP,FP,FP,FP,TN,TN,TN,TN,TN,TN,TN,TN,TN,TN,TN,TN,TN,TN
316,FP,FP,FP,TN,TN,TN,TN,TN,TN,TN,TN,TN,TN,TN,TN,TN,TN,TN,TN,TN,TN
317,FP,FP,FP,FP,FP,FP,TN,TN,TN,TN,TN,TN,TN,TN,TN,TN,TN,TN,TN,TN,TN
318,FP,FP,FP,FP,TN,TN,TN,TN,TN,TN,TN,TN,TN,TN,TN,TN,TN,TN,TN,TN,TN
319,FP,FP,FP,FP,TN,TN,TN,TN,TN,TN,TN,TN,TN,TN,TN,TN,TN,TN,TN,TN,TN
320,FP,FP,FP,TN,TN,TN,TN,TN,TN,TN,TN,TN,TN,TN,TN,TN,TN,TN,TN,TN,TN
321,FP,FP,FP,FP,FP,FP,FP,TN,TN,TN,TN,TN,TN,TN,TN,TN,TN,TN,TN,TN,TN
322,FP,FP,FP,FP,TN,TN,TN,TN,TN,TN,TN,TN,TN,TN,TN,TN,TN,TN,TN,TN,TN
323,FP,FP,TN,TN,TN,TN,TN,TN,TN,TN,TN,TN,TN,TN,TN,TN,TN,TN,TN,TN,TN
324,FP,FP,FP,FP,FP,FP,FP,TN,TN,TN,TN,TN,TN,TN,TN,TN,TN,TN,TN,TN,TN
325,FP,FP,FP,FP,FP,TN,TN,TN,TN,TN,TN,TN,TN,TN,TN,TN,TN,TN,TN,TN,TN
326,FP,FP,FP,TN,TN,TN,TN,TN,TN,TN,TN,TN,TN,TN,TN,TN,TN,TN,TN,TN,TN
327,TP,TP,TP,TP,TP,FN,FN,FN,FN,FN,FN,FN,FN,FN,FN,FN,FN,FN,FN,FN,FN
328,TP,TP,TP,TP,TP,TP,TP,TP,FN,FN,FN,FN,FN,FN,FN,FN,FN,FN,FN,FN,FN
329,FP,FP,TN,TN,TN,TN,TN,TN,TN,TN,TN,TN,TN,TN,TN,TN,TN,TN,TN,TN,TN
330,TP,TP,TP,TP,TP,TP,TP,TP,TP,TP,TP,TP,TP,TP,TP,FN,FN,FN,FN,FN,FN
331,TP,TP,TP,FN,FN,FN,FN,FN,FN,FN,FN,FN,FN,FN,FN,FN,FN,FN,FN,FN,FN
332,TP,TP,TP,TP,TP,TP,TP,TP,TP,TP,TP,TP,TP,TP,TP,TP,TP,TP,TP,TP,FN
333,FP,FP,FP,FP,FP,FP,TN,TN,TN,TN,TN,TN,TN,TN,TN,TN,TN,TN,TN,TN,TN
334,FP,FP,FP,TN,TN,TN,TN,TN,TN,TN,TN,TN,TN,TN,TN,TN,TN,TN,TN,TN,TN
335,FP,FP,FP,FP,FP,FP,TN,TN,TN,TN,TN,TN,TN,TN,TN,TN,TN,TN,TN,TN,TN
336,FP,FP,TN,TN,TN,TN,TN,TN,TN,TN,TN,TN,TN,TN,TN,TN,TN,TN,TN,TN,TN
337,TP,TP,TP,TP,TP,FN,FN,FN,FN,FN,FN,FN,FN,FN,FN,FN,FN,FN,FN,FN,FN
338,FP,FP,FP,FP,FP,FP,FP,TN,TN,TN,TN,TN,TN,TN,TN,TN,TN,TN,TN,TN,TN
339,TP,TP,TP,TP,TP,TP,TP,TP,TP,TP,TP,TP,TP,TP,TP,TP,TP,TP,TP,TP,FN
340,FP,FP,FP,FP,FP,FP,FP,TN,TN,TN,TN,TN,TN,TN,TN,TN,TN,TN,TN,TN,TN
341,TP,TP,TP,TP,TP,TP,TP,TP,TP,TP,TP,TP,TP,TP,TP,TP,TP,TP,TP,TP,FN
342,FP,FP,FP,TN,TN,TN,TN,TN,TN,TN,TN,TN,TN,TN,TN,TN,TN,TN,TN,TN,TN
343,TP,TP,TP,TP,TP,TP,TP,TP,TP,TP,FN,FN,FN,FN,FN,FN,FN,FN,FN,FN,FN
344,FP,FP,FP,FP,FP,FP,TN,TN,TN,TN,TN,TN,TN,TN,TN,TN,TN,TN,TN,TN,TN
345,FP,FP,FP,FP,FP,TN,TN,TN,TN,TN,TN,TN,TN,TN,TN,TN,TN,TN,TN,TN,TN
346,FP,FP,FP,FP,FP,TN,TN,TN,TN,TN,TN,TN,TN,TN,TN,TN,TN,TN,TN,TN,TN
347,FP,FP,FP,FP,FP,FP,FP,TN,TN,TN,TN,TN,TN,TN,TN,TN,TN,TN,TN,TN,TN
348,FP,FP,FP,FP,FP,FP,FP,TN,TN,TN,TN,TN,TN,TN,TN,TN,TN,TN,TN,TN,TN
349,FP,FP,FP,TN,TN,TN,TN,TN,TN,TN,TN,TN,TN,TN,TN,TN,TN,TN,TN,TN,TN
350,FP,FP,FP,FP,FP,TN,TN,TN,TN,TN,TN,TN,TN,TN,TN,TN,TN,TN,TN,TN,TN
351,FP,FP,FP,FP,FP,TN,TN,TN,TN,TN,TN,TN,TN,TN,TN,TN,TN,TN,TN,TN,TN
352,TP,TP,TP,TP,TP,TP,TP,TP,TP,TP,TP,TP,TP,TP,TP,TP,TP,TP,TP,TP,FN
353,FP,FP,FP,FP,FP,FP,FP,TN,TN,TN,TN,TN,TN,TN,TN,TN,TN,TN,TN,TN,TN
354,TP,TP,TP,TP,TP,TP,TP,TP,TP,TP,TP,TP,TP,FN,FN,FN,FN,FN,FN,FN,FN
355,FP,FP,FP,FP,FP,FP,FP,TN,TN,TN,TN,TN,TN,TN,TN,TN,TN,TN,TN,TN,TN
356,FP,FP,FP,TN,TN,TN,TN,TN,TN,TN,TN,TN,TN,TN,TN,TN,TN,TN,TN,TN,TN
357,FP,FP,FP,FP,FP,FP,FP,TN,TN,TN,TN,TN,TN,TN,TN,TN,TN,TN,TN,TN,TN
358,FP,FP,FP,FP,FP,FP,TN,TN,TN,TN,TN,TN,TN,TN,TN,TN,TN,TN,TN,TN,TN
359,FP,FP,FP,FP,FP,FP,FP,TN,TN,TN,TN,TN,TN,TN,TN,TN,TN,TN,TN,TN,TN
360,FP,FP,FP,FP,FP,TN,TN,TN,TN,TN,TN,TN,TN,TN,TN,TN,TN,TN,TN,TN,TN
361,FP,FP,FP,FP,FP,FP,FP,TN,TN,TN,TN,TN,TN,TN,TN,TN,TN,TN,TN,TN,TN
362,FP,FP,FP,TN,TN,TN,TN,TN,TN,TN,TN,TN,TN,TN,TN,TN,TN,TN,TN,TN,TN
363,FP,FP,FP,TN,TN,TN,TN,TN,TN,TN,TN,TN,TN,TN,TN,TN,TN,TN,TN,TN,TN
364,FP,FP,FP,TN,TN,TN,TN,TN,TN,TN,TN,TN,TN,TN,TN,TN,TN,TN,TN,TN,TN
365,FP,FP,FP,FP,FP,TN,TN,TN,TN,TN,TN,TN,TN,TN,TN,TN,TN,TN,TN,TN,TN
366,TP,TP,TP,TP,TP,TP,TP,TP,FN,FN,FN,FN,FN,FN,FN,FN,FN,FN,FN,FN,FN
367,TP,TP,TP,TP,TP,TP,TP,TP,TP,TP,TP,TP,TP,FN,FN,FN,FN,FN,FN,FN,FN
368,FP,FP,FP,FP,TN,TN,TN,TN,TN,TN,TN,TN,TN,TN,TN,TN,TN,TN,TN,TN,TN
369,FP,FP,FP,FP,FP,TN,TN,TN,TN,TN,TN,TN,TN,TN,TN,TN,TN,TN,TN,TN,TN
370,FP,FP,FP,FP,FP,TN,TN,TN,TN,TN,TN,TN,TN,TN,TN,TN,TN,TN,TN,TN,TN
371,FP,FP,FP,TN,TN,TN,TN,TN,TN,TN,TN,TN,TN,TN,TN,TN,TN,TN,TN,TN,TN
372,FP,FP,FP,FP,TN,TN,TN,TN,TN,TN,TN,TN,TN,TN,TN,TN,TN,TN,TN,TN,TN
373,FP,FP,FP,FP,FP,TN,TN,TN,TN,TN,TN,TN,TN,TN,TN,TN,TN,TN,TN,TN,TN
374,FP,FP,TN,TN,TN,TN,TN,TN,TN,TN,TN,TN,TN,TN,TN,TN,TN,TN,TN,TN,TN
375,TP,TP,TP,TP,TP,TP,TP,TP,TP,TP,TP,TP,FN,FN,FN,FN,FN,FN,FN,FN,FN
376,FP,FP,FP,FP,FP,TN,TN,TN,TN,TN,TN,TN,TN,TN,TN,TN,TN,TN,TN,TN,TN
377,FP,FP,FP,FP,FP,FP,FP,TN,TN,TN,TN,TN,TN,TN,TN,TN,TN,TN,TN,TN,TN
378,FP,FP,FP,FP,TN,TN,TN,TN,TN,TN,TN,TN,TN,TN,TN,TN,TN,TN,TN,TN,TN
379,FP,FP,FP,TN,TN,TN,TN,TN,TN,TN,TN,TN,TN,TN,TN,TN,TN,TN,TN,TN,TN
380,FP,FP,FP,FP,FP,TN,TN,TN,TN,TN,TN,TN,TN,TN,TN,TN,TN,TN,TN,TN,TN
381,FP,FP,FP,FP,FP,FP,TN,TN,TN,TN,TN,TN,TN,TN,TN,TN,TN,TN,TN,TN,TN
382,FP,FP,FP,FP,FP,FP,TN,TN,TN,TN,TN,TN,TN,TN,TN,TN,TN,TN,TN,TN,TN
383,FP,FP,FP,FP,FP,TN,TN,TN,TN,TN,TN,TN,TN,TN,TN,TN,TN,TN,TN,TN,TN
384,FP,FP,TN,TN,TN,TN,TN,TN,TN,TN,TN,TN,TN,TN,TN,TN,TN,TN,TN,TN,TN
385,FP,FP,FP,FP,FP,FP,TN,TN,TN,TN,TN,TN,TN,TN,TN,TN,TN,TN,TN,TN,TN
386,TP,TP,TP,TP,TP,TP,TP,TP,TP,TP,TP,FN,FN,FN,FN,FN,FN,FN,FN,FN,FN
387,FP,FP,FP,FP,FP,TN,TN,TN,TN,TN,TN,TN,TN,TN,TN,TN,TN,TN,TN,TN,TN
388,FP,FP,FP,TN,TN,TN,TN,TN,TN,TN,TN,TN,TN,TN,TN,TN,TN,TN,TN,TN,TN
389,FP,FP,FP,FP,FP,FP,FP,TN,TN,TN,TN,TN,TN,TN,TN,TN,TN,TN,TN,TN,TN
390,TP,TP,TP,TP,TP,TP,TP,TP,TP,TP,TP,TP,FN,FN,FN,FN,FN,FN,FN,FN,FN
391,FP,FP,TN,TN,TN,TN,TN,TN,TN,TN,TN,TN,TN,TN,TN,TN,TN,TN,TN,TN,TN
392,FP,FP,FP,FP,FP,FP,FP,TN,TN,TN,TN,TN,TN,TN,TN,TN,TN,TN,TN,TN,TN
393,TP,TP,TP,TP,TP,TP,TP,TP,TP,TP,TP,TP,TP,TP,TP,TP,TP,FN,FN,FN,FN
394,TP,TP,TP,TP,TP,TP,TP,TP,FN,FN,FN,FN,FN,FN,FN,FN,FN,FN,FN,FN,FN
395,FP,FP,FP,FP,TN,TN,TN,TN,TN,TN,TN,TN,TN,TN,TN,TN,TN,TN,TN,TN,TN
396,TP,TP,TP,TP,TP,TP,TP,TP,TP,TP,TP,TP,TP,TP,TP,TP,TP,TP,FN,FN,FN
397,TP,TP,TP,TP,TP,TP,TP,TP,TP,TP,TP,TP,TP,TP,TP,TP,TP,TP,FN,FN,FN
398,FP,FP,FP,FP,FP,FP,FP,TN,TN,TN,TN,TN,TN,TN,TN,TN,TN,TN,TN,TN,TN
399,FP,FP,TN,TN,TN,TN,TN,TN,TN,TN,TN,TN,TN,TN,TN,TN,TN,TN,TN,TN,TN
400,FP,FP,FP,FP,FP,FP,FP,TN,TN,TN,TN,TN,TN,TN,TN,TN,TN,TN,TN,TN,TN
401,FP,FP,FP,FP,FP,FP,TN,TN,TN,TN,TN,TN,TN,TN,TN,TN,TN,TN,TN,TN,TN
402,TP,TP,TP,TP,FN,FN,FN,FN,FN,FN,FN,FN,FN,FN,FN,FN,FN,FN,FN,FN,FN
403,FP,FP,FP,FP,FP,FP,FP,TN,TN,TN,TN,TN,TN,TN,TN,TN,TN,TN,TN,TN,TN
404,TP,TP,TP,TP,TP,TP,TP,TP,TP,TP,TP,TP,TP,TP,TP,TP,TP,FN,FN,FN,FN
405,TP,TP,TP,TP,TP,TP,TP,FN,FN,FN,FN,FN,FN,FN,FN,FN,FN,FN,FN,FN,FN
406,FP,FP,FP,FP,FP,FP,TN,TN,TN,TN,TN,TN,TN,TN,TN,TN,TN,TN,TN,TN,TN
407,FP,FP,FP,FP,FP,TN,TN,TN,TN,TN,TN,TN,TN,TN,TN,TN,TN,TN,TN,TN,TN
408,FP,FP,FP,FP,TN,TN,TN,TN,TN,TN,TN,TN,TN,TN,TN,TN,TN,TN,TN,TN,TN
409,FP,FP,FP,FP,TN,TN,TN,TN,TN,TN,TN,TN,TN,TN,TN,TN,TN,TN,TN,TN,TN
410,FP,FP,FP,FP,FP,FP,TN,TN,TN,TN,TN,TN,TN,TN,TN,TN,TN,TN,TN,TN,TN
411,FP,FP,TN,TN,TN,TN,TN,TN,TN,TN,TN,TN,TN,TN,TN,TN,TN,TN,TN,TN,TN
412,FP,FP,FP,FP,FP,FP,FP,TN,TN,TN,TN,TN,TN,TN,TN,TN,TN,TN,TN,TN,TN
413,FP,FP,FP,FP,FP,FP,FP,TN,TN,TN,TN,TN,TN,TN,TN,TN,TN,TN,TN,TN,TN
414,TP,TP,TP,TP,TP,TP,TP,TP,TP,FN,FN,FN,FN,FN,FN,FN,FN,FN,FN,FN,FN
415,FP,FP,FP,FP,FP,FP,TN,TN,TN,TN,TN,TN,TN,TN,TN,TN,TN,TN,TN,TN,TN
416,FP,FP,FP,FP,FP,TN,TN,TN,TN,TN,TN,TN,TN,TN,TN,TN,TN,TN,TN,TN,TN
417,FP,FP,FP,TN,TN,TN,TN,TN,TN,TN,TN,TN,TN,TN,TN,TN,TN,TN,TN,TN,TN
418,FP,FP,FP,FP,FP,FP,FP,TN,TN,TN,TN,TN,TN,TN,TN,TN,TN,TN,TN,TN,TN
419,FP,FP,FP,FP,FP,FP,TN,TN,TN,TN,TN,TN,TN,TN,TN,TN,TN,TN,TN,TN,TN
420,FP,FP,FP,FP,FP,FP,FP,TN,TN,TN,TN,TN,TN,TN,TN,TN,TN,TN,TN,TN,TN
421,TP,TP,TP,TP,TP,TP,TP,TP,TP,TP,TP,TP,FN,FN,FN,FN,FN,FN,FN,FN,FN
422,TP,TP,TP,TP,TP,TP,FN,FN,FN,FN,FN,FN,FN,FN,FN,FN,FN,FN,FN,FN,FN
423,FP,FP,TN,TN,TN,TN,TN,TN,TN,TN,TN,TN,TN,TN,TN,TN,TN,TN,TN,TN,TN
424,FP,FP,FP,FP,FP,FP,FP,TN,TN,TN,TN,TN,TN,TN,TN,TN,TN,TN,TN,TN,TN
425,FP,FP,FP,FP,FP,FP,TN,TN,TN,TN,TN,TN,TN,TN,TN,TN,TN,TN,TN,TN,TN
426,FP,FP,FP,TN,TN,TN,TN,TN,TN,TN,TN,TN,TN,TN,TN,TN,TN,TN,TN,TN,TN
427,TP,TP,TP,TP,TP,TP,TP,TP,TP,TP,TP,TP,FN,FN,FN,FN,FN,FN,FN,FN,FN
428,TP,TP,TP,TP,TP,TP,TP,TP,TP,TP,TP,TP,TP,FN,FN,FN,FN,FN,FN,FN,FN
429,TP,TP,TP,TP,TP,TP,TP,TP,TP,TP,TP,TP,TP,FN,FN,FN,FN,FN,FN,FN,FN
430,TP,TP,TP,TP,TP,TP,FN,FN,FN,FN,FN,FN,FN,FN,FN,FN,FN,FN,FN,FN,FN
431,TP,TP,TP,TP,TP,TP,TP,TP,TP,TP,TP,TP,FN,FN,FN,FN,FN,FN,FN,FN,FN
432,FP,FP,TN,TN,TN,TN,TN,TN,TN,TN,TN,TN,TN,TN,TN,TN,TN,TN,TN,TN,TN
433,FP,FP,FP,FP,FP,TN,TN,TN,TN,TN,TN,TN,TN,TN,TN,TN,TN,TN,TN,TN,TN
434,FP,FP,FP,FP,TN,TN,TN,TN,TN,TN,TN,TN,TN,TN,TN,TN,TN,TN,TN,TN,TN
435,FP,FP,FP,FP,FP,FP,FP,TN,TN,TN,TN,TN,TN,TN,TN,TN,TN,TN,TN,TN,TN
436,FP,FP,FP,FP,FP,FP,FP,TN,TN,TN,TN,TN,TN,TN,TN,TN,TN,TN,TN,TN,TN
437,FP,FP,FP,FP,FP,TN,TN,TN,TN,TN,TN,TN,TN,TN,TN,TN,TN,TN,TN,TN,TN
438,FP,FP,FP,FP,TN,TN,TN,TN,TN,TN,TN,TN,TN,TN,TN,TN,TN,TN,TN,TN,TN
439,FP,FP,FP,TN,TN,TN,TN,TN,TN,TN,TN,TN,TN,TN,TN,TN,TN,TN,TN,TN,TN
440,FP,FP,FP,TN,TN,TN,TN,TN,TN,TN,TN,TN,TN,TN,TN,TN,TN,TN,TN,TN,TN
441,TP,TP,TP,TP,FN,FN,FN,FN,FN,FN,FN,FN,FN,FN,FN,FN,FN,FN,FN,FN,FN
442,FP,FP,FP,FP,TN,TN,TN,TN,TN,TN,TN,TN,TN,TN,TN,TN,TN,TN,TN,TN,TN
443,FP,FP,FP,FP,FP,FP,FP,TN,TN,TN,TN,TN,TN,TN,TN,TN,TN,TN,TN,TN,TN
444,TP,TP,TP,TP,TP,TP,TP,TP,TP,TP,TP,TP,TP,TP,TP,TP,TP,TP,FN,FN,FN
445,FP,FP,FP,FP,FP,FP,FP,TN,TN,TN,TN,TN,TN,TN,TN,TN,TN,TN,TN,TN,TN
446,FP,FP,FP,FP,FP,TN,TN,TN,TN,TN,TN,TN,TN,TN,TN,TN,TN,TN,TN,TN,TN
447,FP,FP,FP,TN,TN,TN,TN,TN,TN,TN,TN,TN,TN,TN,TN,TN,TN,TN,TN,TN,TN
448,FP,FP,TN,TN,TN,TN,TN,TN,TN,TN,TN,TN,TN,TN,TN,TN,TN,TN,TN,TN,TN
449,FP,FP,TN,TN,TN,TN,TN,TN,TN,TN,TN,TN,TN,TN,TN,TN,TN,TN,TN,TN,TN
450,FP,FP,FP,FP,FP,TN,TN,TN,TN,TN,TN,TN,TN,TN,TN,TN,TN,TN,TN,TN,TN
451,FP,FP,FP,FP,FP,FP,TN,TN,TN,TN,TN,TN,TN,TN,TN,TN,TN,TN,TN,TN,TN
452,TP,TP,TP,TP,TP,TP,TP,TP,TP,TP,TP,TP,TP,TP,TP,TP,TP,FN,FN,FN,FN
453,FP,FP,FP,FP,FP,FP,TN,TN,TN,TN,TN,TN,TN,TN,TN,TN,TN,TN,TN,TN,TN
454,TP,TP,TP,TP,TP,TP,FN,FN,FN,FN,FN,FN,FN,FN,FN,FN,FN,FN,FN,FN,FN
455,FP,FP,FP,FP,TN,TN,TN,TN,TN,TN,TN,TN,TN,TN,TN,TN,TN,TN,TN,TN,TN
456,FP,FP,FP,TN,TN,TN,TN,TN,TN,TN,TN,TN,TN,TN,TN,TN,TN,TN,TN,TN,TN
457,FP,FP,FP,FP,FP,TN,TN,TN,TN,TN,TN,TN,TN,TN,TN,TN,TN,TN,TN,TN,TN
458,FP,FP,FP,FP,FP,TN,TN,TN,TN,TN,TN,TN,TN,TN,TN,TN,TN,TN,TN,TN,TN
459,FP,FP,FP,FP,FP,FP,FP,TN,TN,TN,TN,TN,TN,TN,TN,TN,TN,TN,TN,TN,TN
460,FP,FP,FP,FP,TN,TN,TN,TN,TN,TN,TN,TN,TN,TN,TN,TN,TN,TN,TN,TN,TN
461,FP,FP,FP,FP,FP,FP,FP,TN,TN,TN,TN,TN,TN,TN,TN,TN,TN,TN,TN,TN,TN
462,TP,TP,TP,TP,TP,TP,TP,TP,TP,TP,TP,TP,TP,FN,FN,FN,FN,FN,FN,FN,FN
463,FP,FP,FP,TN,TN,TN,TN,TN,TN,TN,TN,TN,TN,TN,TN,TN,TN,TN,TN,TN,TN
464,TP,TP,TP,TP,TP,TP,TP,TP,TP,TP,TP,TP,FN,FN,FN,FN,FN,FN,FN,FN,FN
465,FP,FP,FP,FP,FP,TN,TN,TN,TN,TN,TN,TN,TN,TN,TN,TN,TN,TN,TN,TN,TN
466,TP,TP,TP,TP,TP,FN,FN,FN,FN,FN,FN,FN,FN,FN,FN,FN,FN,FN,FN,FN,FN
467,FP,FP,FP,FP,FP,TN,TN,TN,TN,TN,TN,TN,TN,TN,TN,TN,TN,TN,TN,TN,TN
468,FP,FP,FP,FP,FP,FP,TN,TN,TN,TN,TN,TN,TN,TN,TN,TN,TN,TN,TN,TN,TN
469,FP,FP,TN,TN,TN,TN,TN,TN,TN,TN,TN,TN,TN,TN,TN,TN,TN,TN,TN,TN,TN
470,FP,FP,FP,FP,FP,FP,TN,TN,TN,TN,TN,TN,TN,TN,TN,TN,TN,TN,TN,TN,TN
471,FP,FP,FP,TN,TN,TN,TN,TN,TN,TN,TN,TN,TN,TN,TN,TN,TN,TN,TN,TN,TN
472,TP,TP,TP,TP,TP,TP,TP,TP,TP,TP,TP,TP,TP,FN,FN,FN,FN,FN,FN,FN,FN
473,TP,TP,TP,TP,TP,TP,TP,TP,TP,TP,TP,FN,FN,FN,FN,FN,FN,FN,FN,FN,FN
474,FP,FP,FP,TN,TN,TN,TN,TN,TN,TN,TN,TN,TN,TN,TN,TN,TN,TN,TN,TN,TN
475,FP,FP,FP,TN,TN,TN,TN,TN,TN,TN,TN,TN,TN,TN,TN,TN,TN,TN,TN,TN,TN
476,FP,FP,FP,FP,FP,FP,TN,TN,TN,TN,TN,TN,TN,TN,TN,TN,TN,TN,TN,TN,TN
477,TP,TP,TP,TP,TP,TP,TP,FN,FN,FN,FN,FN,FN,FN,FN,FN,FN,FN,FN,FN,FN
478,TP,TP,TP,TP,TP,TP,TP,TP,TP,TP,TP,TP,TP,TP,FN,FN,FN,FN,FN,FN,FN
479,FP,FP,FP,FP,FP,TN,TN,TN,TN,TN,TN,TN,TN,TN,TN,TN,TN,TN,TN,TN,TN
480,FP,FP,FP,TN,TN,TN,TN,TN,TN,TN,TN,TN,TN,TN,TN,TN,TN,TN,TN,TN,TN
481,FP,FP,TN,TN,TN,TN,TN,TN,TN,TN,TN,TN,TN,TN,TN,TN,TN,TN,TN,TN,TN
482,FP,FP,FP,FP,FP,FP,TN,TN,TN,TN,TN,TN,TN,TN,TN,TN,TN,TN,TN,TN,TN
483,FP,FP,FP,FP,FP,FP,FP,TN,TN,TN,TN,TN,TN,TN,TN,TN,TN,TN,TN,TN,TN
484,TP,TP,TP,TP,TP,TP,TP,TP,TP,TP,TP,TP,TP,TP,TP,TP,FN,FN,FN,FN,FN
485,FP,FP,FP,FP,FP,TN,TN,TN,TN,TN,TN,TN,TN,TN,TN,TN,TN,TN,TN,TN,TN
486,FP,FP,FP,FP,FP,TN,TN,TN,TN,TN,TN,TN,TN,TN,TN,TN,TN,TN,TN,TN,TN
487,FP,FP,FP,FP,FP,TN,TN,TN,TN,TN,TN,TN,TN,TN,TN,TN,TN,TN,TN,TN,TN
488,FP,FP,FP,FP,TN,TN,TN,TN,TN,TN,TN,TN,TN,TN,TN,TN,TN,TN,TN,TN,TN
489,FP,FP,FP,FP,FP,TN,TN,TN,TN,TN,TN,TN,TN,TN,TN,TN,TN,TN,TN,TN,TN
490,FP,FP,FP,FP,FP,FP,TN,TN,TN,TN,TN,TN,TN,TN,TN,TN,TN,TN,TN,TN,TN
491,FP,FP,FP,FP,FP,FP,TN,TN,TN,TN,TN,TN,TN,TN,TN,TN,TN,TN,TN,TN,TN
492,FP,FP,FP,TN,TN,TN,TN,TN,TN,TN,TN,TN,TN,TN,TN,TN,TN,TN,TN,TN,TN
493,FP,FP,FP,FP,FP,FP,FP,TN,TN,TN,TN,TN,TN,TN,TN,TN,TN,TN,TN,TN,TN
494,FP,FP,FP,FP,FP,FP,FP,TN,TN,TN,TN,TN,TN,TN,TN,TN,TN,TN,TN,TN,TN
495,TP,TP,TP,TP,TP,TP,TP,TP,TP,TP,TP,TP,TP,TP,TP,TP,TP,TP,TP,TP,FN
496,FP,FP,FP,FP,FP,FP,TN,TN,TN,TN,TN,TN,TN,TN,TN,TN,TN,TN,TN,TN,TN
497,FP,FP,FP,FP,FP,FP,FP,TN,TN,TN,TN,TN,TN,TN,TN,TN,TN,TN,TN,TN,TN
498,FP,FP,FP,TN,TN,TN,TN,TN,TN,TN,TN,TN,TN,TN,TN,TN,TN,TN,TN,TN,TN
499,FP,FP,FP,FP,FP,TN,TN,TN,TN,TN,TN,TN,TN,TN,TN,TN,TN,TN,TN,TN,TN
500,FP,FP,FP,FP,FP,FP,FP,TN,TN,TN,TN,TN,TN,TN,TN,TN,TN,TN,TN,TN,TN
501,TP,TP,TP,TP,TP,TP,TP,TP,TP,TP,FN,FN,FN,FN,FN,FN,FN,FN,FN,FN,FN
502,TP,TP,TP,TP,TP,TP,TP,TP,TP,TP,FN,FN,FN,FN,FN,FN,FN,FN,FN,FN,FN
503,FP,FP,FP,FP,FP,FP,FP,TN,TN,TN,TN,TN,TN,TN,TN,TN,TN,TN,TN,TN,TN
504,FP,FP,FP,FP,FP,FP,TN,TN,TN,TN,TN,TN,TN,TN,TN,TN,TN,TN,TN,TN,TN
505,TP,TP,TP,TP,TP,TP,TP,TP,TP,TP,TP,TP,TP,TP,TP,TP,TP,TP,TP,TP,FN
506,FP,FP,FP,FP,FP,FP,TN,TN,TN,TN,TN,TN,TN,TN,TN,TN,TN,TN,TN,TN,TN
507,FP,FP,FP,FP,FP,FP,TN,TN,TN,TN,TN,TN,TN,TN,TN,TN,TN,TN,TN,TN,TN
508,FP,FP,FP,FP,FP,FP,TN,TN,TN,TN,TN,TN,TN,TN,TN,TN,TN,TN,TN,TN,TN
509,FP,FP,FP,TN,TN,TN,TN,TN,TN,TN,TN,TN,TN,TN,TN,TN,TN,TN,TN,TN,TN
510,TP,TP,TP,TP,TP,TP,TP,TP,TP,TP,TP,TP,TP,FN,FN,FN,FN,FN,FN,FN,FN
511,FP,FP,FP,FP,FP,FP,FP,TN,TN,TN,TN,TN,TN,TN,TN,TN,TN,TN,TN,TN,TN
512,FP,FP,FP,FP,FP,FP,TN,TN,TN,TN,TN,TN,TN,TN,TN,TN,TN,TN,TN,TN,TN
513,FP,FP,FP,FP,FP,FP,TN,TN,TN,TN,TN,TN,TN,TN,TN,TN,TN,TN,TN,TN,TN
514,TP,TP,TP,TP,TP,TP,TP,TP,TP,TP,TP,TP,TP,FN,FN,FN,FN,FN,FN,FN,FN
515,FP,FP,FP,FP,FP,FP,TN,TN,TN,TN,TN,TN,TN,TN,TN,TN,TN,TN,TN,TN,TN
516,FP,FP,FP,TN,TN,TN,TN,TN,TN,TN,TN,TN,TN,TN,TN,TN,TN,TN,TN,TN,TN
517,FP,FP,FP,FP,FP,FP,FP,TN,TN,TN,TN,TN,TN,TN,TN,TN,TN,TN,TN,TN,TN
518,FP,FP,FP,FP,TN,TN,TN,TN,TN,TN,TN,TN,TN,TN,TN,TN,TN,TN,TN,TN,TN
519,FP,FP,FP,FP,FP,FP,FP,TN,TN,TN,TN,TN,TN,TN,TN,TN,TN,TN,TN,TN,TN
520,TP,TP,TP,TP,TP,TP,TP,TP,TP,TP,TP,TP,TP,TP,TP,TP,TP,FN,FN,FN,FN
521,FP,FP,FP,TN,TN,TN,TN,TN,TN,TN,TN,TN,TN,TN,TN,TN,TN,TN,TN,TN,TN
522,FP,FP,FP,FP,FP,FP,TN,TN,TN,TN,TN,TN,TN,TN,TN,TN,TN,TN,TN,TN,TN
523,TP,TP,TP,TP,TP,TP,TP,TP,TP,TP,TP,TP,TP,TP,FN,FN,FN,FN,FN,FN,FN
524,TP,TP,TP,TP,TP,TP,TP,TP,TP,TP,TP,TP,TP,FN,FN,FN,FN,FN,FN,FN,FN
525,FP,FP,FP,TN,TN,TN,TN,TN,TN,TN,TN,TN,TN,TN,TN,TN,TN,TN,TN,TN,TN
526,TP,TP,TP,TP,TP,TP,TP,TP,TP,TP,TP,FN,FN,FN,FN,FN,FN,FN,FN,FN,FN
527,FP,FP,TN,TN,TN,TN,TN,TN,TN,TN,TN,TN,TN,TN,TN,TN,TN,TN,TN,TN,TN
528,FP,FP,TN,TN,TN,TN,TN,TN,TN,TN,TN,TN,TN,TN,TN,TN,TN,TN,TN,TN,TN
529,FP,FP,FP,FP,FP,TN,TN,TN,TN,TN,TN,TN,TN,TN,TN,TN,TN,TN,TN,TN,TN
530,FP,FP,FP,FP,FP,FP,TN,TN,TN,TN,TN,TN,TN,TN,TN,TN,TN,TN,TN,TN,TN
531,FP,FP,FP,FP,FP,FP,FP,TN,TN,TN,TN,TN,TN,TN,TN,TN,TN,TN,TN,TN,TN
532,FP,FP,TN,TN,TN,TN,TN,TN,TN,TN,TN,TN,TN,TN,TN,TN,TN,TN,TN,TN,TN
533,FP,FP,FP,FP,FP,FP,TN,TN,TN,TN,TN,TN,TN,TN,TN,TN,TN,TN,TN,TN,TN
534,FP,FP,FP,TN,TN,TN,TN,TN,TN,TN,TN,TN,TN,TN,TN,TN,TN,TN,TN,TN,TN
535,TP,TP,TP,TP,TP,TP,TP,TP,FN,FN,FN,FN,FN,FN,FN,FN,FN,FN,FN,FN,FN
536,FP,FP,FP,FP,TN,TN,TN,TN,TN,TN,TN,TN,TN,TN,TN,TN,TN,TN,TN,TN,TN
537,TP,TP,TP,TP,TP,TP,TP,TP,TP,TP,TP,TP,TP,TP,TP,TP,TP,FN,FN,FN,FN
538,TP,TP,TP,TP,TP,TP,TP,TP,TP,TP,TP,TP,TP,TP,TP,TP,TP,FN,FN,FN,FN
539,TP,TP,TP,TP,TP,TP,TP,TP,TP,TP,TP,TP,FN,FN,FN,FN,FN,FN,FN,FN,FN
540,FP,FP,FP,FP,FP,FP,FP,TN,TN,TN,TN,TN,TN,TN,TN,TN,TN,TN,TN,TN,TN
541,FP,FP,FP,TN,TN,TN,TN,TN,TN,TN,TN,TN,TN,TN,TN,TN,TN,TN,TN,TN,TN
542,FP,FP,FP,FP,FP,FP,FP,TN,TN,TN,TN,TN,TN,TN,TN,TN,TN,TN,TN,TN,TN
543,FP,FP,FP,TN,TN,TN,TN,TN,TN,TN,TN,TN,TN,TN,TN,TN,TN,TN,TN,TN,TN
544,TP,TP,TP,TP,TP,TP,TP,TP,TP,TP,TP,TP,TP,TP,TP,TP,TP,FN,FN,FN,FN
545,FP,FP,FP,FP,TN,TN,TN,TN,TN,TN,TN,TN,TN,TN,TN,TN,TN,TN,TN,TN,TN
546,FP,FP,FP,FP,FP,TN,TN,TN,TN,TN,TN,TN,TN,TN,TN,TN,TN,TN,TN,TN,TN
547,FP,FP,FP,FP,FP,FP,FP,TN,TN,TN,TN,TN,TN,TN,TN,TN,TN,TN,TN,TN,TN
548,FP,FP,FP,FP,FP,FP,FP,TN,TN,TN,TN,TN,TN,TN,TN,TN,TN,TN,TN,TN,TN
549,FP,FP,FP,FP,FP,FP,TN,TN,TN,TN,TN,TN,TN,TN,TN,TN,TN,TN,TN,TN,TN
550,FP,FP,FP,TN,TN,TN,TN,TN,TN,TN,TN,TN,TN,TN,TN,TN,TN,TN,TN,TN,TN
551,FP,FP,FP,FP,TN,TN,TN,TN,TN,TN,TN,TN,TN,TN,TN,TN,TN,TN,TN,TN,TN
552,FP,FP,FP,FP,FP,TN,TN,TN,TN,TN,TN,TN,TN,TN,TN,TN,TN,TN,TN,TN,TN
553,FP,FP,FP,FP,FP,TN,TN,TN,TN,TN,TN,TN,TN,TN,TN,TN,TN,TN,TN,TN,TN
554,FP,FP,FP,FP,TN,TN,TN,TN,TN,TN,TN,TN,TN,TN,TN,TN,TN,TN,TN,TN,TN
555,FP,FP,FP,FP,FP,TN,TN,TN,TN,TN,TN,TN,TN,TN,TN,TN,TN,TN,TN,TN,TN
556,FP,TN,TN,TN,TN,TN,TN,TN,TN,TN,TN,TN,TN,TN,TN,TN,TN,TN,TN,TN,TN
557,FP,FP,FP,FP,FP,TN,TN,TN,TN,TN,TN,TN,TN,TN,TN,TN,TN,TN,TN,TN,TN
558,FP,FP,FP,FP,FP,FP,FP,TN,TN,TN,TN,TN,TN,TN,TN,TN,TN,TN,TN,TN,TN
559,FP,FP,FP,FP,FP,TN,TN,TN,TN,TN,TN,TN,TN,TN,TN,TN,TN,TN,TN,TN,TN
560,FP,FP,FP,FP,TN,TN,TN,TN,TN,TN,TN,TN,TN,TN,TN,TN,TN,TN,TN,TN,TN
561,FP,FP,FP,FP,FP,FP,TN,TN,TN,TN,TN,TN,TN,TN,TN,TN,TN,TN,TN,TN,TN
562,FP,FP,FP,FP,FP,TN,TN,TN,TN,TN,TN,TN,TN,TN,TN,TN,TN,TN,TN,TN,TN
563,FP,FP,FP,FP,FP,FP,TN,TN,TN,TN,TN,TN,TN,TN,TN,TN,TN,TN,TN,TN,TN
564,FP,FP,FP,FP,FP,FP,TN,TN,TN,TN,TN,TN,TN,TN,TN,TN,TN,TN,TN,TN,TN
565,FP,FP,FP,FP,FP,FP,FP,TN,TN,TN,TN,TN,TN,TN,TN,TN,TN,TN,TN,TN,TN
566,FP,FP,FP,FP,FP,FP,FP,TN,TN,TN,TN,TN,TN,TN,TN,TN,TN,TN,TN,TN,TN
567,FP,FP,TN,TN,TN,TN,TN,TN,TN,TN,TN,TN,TN,TN,TN,TN,TN,TN,TN,TN,TN
568,FP,FP,FP,FP,FP,FP,TN,TN,TN,TN,TN,TN,TN,TN,TN,TN,TN,TN,TN,TN,TN
569,TP,TP,TP,TP,TP,TP,TP,TP,FN,FN,FN,FN,FN,FN,FN,FN,FN,FN,FN,FN,FN
570,FP,FP,FP,FP,FP,TN,TN,TN,TN,TN,TN,TN,TN,TN,TN,TN,TN,TN,TN,TN,TN
571,TP,TP,TP,TP,TP,TP,TP,TP,TP,TP,TP,TP,TP,TP,TP,TP,TP,TP,TP,TP,FN
572,FP,FP,FP,FP,TN,TN,TN,TN,TN,TN,TN,TN,TN,TN,TN,TN,TN,TN,TN,TN,TN
573,FP,FP,FP,FP,FP,FP,TN,TN,TN,TN,TN,TN,TN,TN,TN,TN,TN,TN,TN,TN,TN
574,FP,FP,FP,FP,FP,FP,FP,TN,TN,TN,TN,TN,TN,TN,TN,TN,TN,TN,TN,TN,TN
575,TP,TP,TP,TP,TP,TP,TP,TP,TP,TP,TP,TP,TP,FN,FN,FN,FN,FN,FN,FN,FN
576,TP,TP,TP,TP,TP,TP,TP,FN,FN,FN,FN,FN,FN,FN,FN,FN,FN,FN,FN,FN,FN
577,FP,FP,FP,FP,FP,FP,FP,TN,TN,TN,TN,TN,TN,TN,TN,TN,TN,TN,TN,TN,TN
578,FP,FP,FP,FP,FP,FP,FP,TN,TN,TN,TN,TN,TN,TN,TN,TN,TN,TN,TN,TN,TN
579,FP,FP,FP,FP,FP,FP,TN,TN,TN,TN,TN,TN,TN,TN,TN,TN,TN,TN,TN,TN,TN
580,TP,TP,TP,TP,TP,TP,TP,TP,TP,TP,TP,TP,TP,TP,TP,TP,TP,FN,FN,FN,FN
581,FP,FP,FP,FP,FP,FP,FP,TN,TN,TN,TN,TN,TN,TN,TN,TN,TN,TN,TN,TN,TN
582,TP,TP,TP,TP,TP,TP,TP,TP,TP,FN,FN,FN,FN,FN,FN,FN,FN,FN,FN,FN,FN
583,FP,FP,FP,FP,FP,TN,TN,TN,TN,TN,TN,TN,TN,TN,TN,TN,TN,TN,TN,TN,TN
584,FP,FP,FP,TN,TN,TN,TN,TN,TN,TN,TN,TN,TN,TN,TN,TN,TN,TN,TN,TN,TN
585,FP,FP,FP,FP,FP,FP,TN,TN,TN,TN,TN,TN,TN,TN,TN,TN,TN,TN,TN,TN,TN
586,FP,FP,FP,FP,FP,FP,FP,TN,TN,TN,TN,TN,TN,TN,TN,TN,TN,TN,TN,TN,TN
587,FP,FP,FP,FP,FP,TN,TN,TN,TN,TN,TN,TN,TN,TN,TN,TN,TN,TN,TN,TN,TN
588,FP,FP,FP,FP,FP,FP,TN,TN,TN,TN,TN,TN,TN,TN,TN,TN,TN,TN,TN,TN,TN
589,TP,TP,TP,TP,TP,FN,FN,FN,FN,FN,FN,FN,FN,FN,FN,FN,FN,FN,FN,FN,FN
590,FP,FP,FP,FP,FP,FP,TN,TN,TN,TN,TN,TN,TN,TN,TN,TN,TN,TN,TN,TN,TN
591,FP,FP,TN,TN,TN,TN,TN,TN,TN,TN,TN,TN,TN,TN,TN,TN,TN,TN,TN,TN,TN
592,FP,FP,FP,TN,TN,TN,TN,TN,TN,TN,TN,TN,TN,TN,TN,TN,TN,TN,TN,TN,TN
593,FP,FP,FP,FP,TN,TN,TN,TN,TN,TN,TN,TN,TN,TN,TN,TN,TN,TN,TN,TN,TN
594,TP,TP,TP,TP,TP,TP,TP,TP,TP,TP,TP,TP,TP,FN,FN,FN,FN,FN,FN,FN,FN
595,FP,FP,FP,FP,FP,FP,FP,TN,TN,TN,TN,TN,TN,TN,TN,TN,TN,TN,TN,TN,TN
596,FP,FP,TN,TN,TN,TN,TN,TN,TN,TN,TN,TN,TN,TN,TN,TN,TN,TN,TN,TN,TN
597,FP,FP,TN,TN,TN,TN,TN,TN,TN,TN,TN,TN,TN,TN,TN,TN,TN,TN,TN,TN,TN
598,FP,FP,FP,FP,FP,FP,TN,TN,TN,TN,TN,TN,TN,TN,TN,TN,TN,TN,TN,TN,TN
599,FP,FP,TN,TN,TN,TN,TN,TN,TN,TN,TN,TN,TN,TN,TN,TN,TN,TN,TN,TN,TN
600,FP,FP,TN,TN,TN,TN,TN,TN,TN,TN,TN,TN,TN,TN,TN,TN,TN,TN,TN,TN,TN
601,TP,TP,TP,TP,TP,TP,TP,TP,TP,FN,FN,FN,FN,FN,FN,FN,FN,FN,FN,FN,FN
602,FP,FP,FP,FP,FP,FP,FP,TN,TN,TN,TN,TN,TN,TN,TN,TN,TN,TN,TN,TN,TN
603,TP,TP,TP,TP,TP,TP,TP,TP,TP,TP,TP,TP,TP,TP,TP,TP,TP,TP,FN,FN,FN
604,FP,FP,FP,FP,FP,FP,FP,TN,TN,TN,TN,TN,TN,TN,TN,TN,TN,TN,TN,TN,TN
605,FP,FP,FP,FP,FP,FP,FP,TN,TN,TN,TN,TN,TN,TN,TN,TN,TN,TN,TN,TN,TN
606,TP,TP,TP,TP,TP,TP,TP,TP,TP,TP,TP,TP,TP,TP,TP,TP,FN,FN,FN,FN,FN
607,FP,FP,TN,TN,TN,TN,TN,TN,TN,TN,TN,TN,TN,TN,TN,TN,TN,TN,TN,TN,TN
608,FP,FP,FP,FP,FP,FP,FP,TN,TN,TN,TN,TN,TN,TN,TN,TN,TN,TN,TN,TN,TN
609,FP,FP,FP,FP,FP,FP,FP,TN,TN,TN,TN,TN,TN,TN,TN,TN,TN,TN,TN,TN,TN
610,FP,FP,FP,FP,FP,FP,TN,TN,TN,TN,TN,TN,TN,TN,TN,TN,TN,TN,TN,TN,TN
611,FP,FP,FP,FP,FP,FP,FP,TN,TN,TN,TN,TN,TN,TN,TN,TN,TN,TN,TN,TN,TN
612,FP,FP,FP,FP,FP,FP,TN,TN,TN,TN,TN,TN,TN,TN,TN,TN,TN,TN,TN,TN,TN
613,FP,FP,TN,TN,TN,TN,TN,TN,TN,TN,TN,TN,TN,TN,TN,TN,TN,TN,TN,TN,TN
614,FP,FP,FP,FP,FP,FP,TN,TN,TN,TN,TN,TN,TN,TN,TN,TN,TN,TN,TN,TN,TN
615,TP,TP,TP,TP,TP,TP,TP,TP,TP,TP,TP,TP,TP,TP,TP,TP,TP,TP,TP,TP,FN
616,FP,FP,FP,FP,FP,TN,TN,TN,TN,TN,TN,TN,TN,TN,TN,TN,TN,TN,TN,TN,TN
617,FP,FP,TN,TN,TN,TN,TN,TN,TN,TN,TN,TN,TN,TN,TN,TN,TN,TN,TN,TN,TN
618,TP,TP,TP,TP,TP,TP,TP,TP,TP,TP,TP,TP,TP,TP,TP,TP,TP,TP,FN,FN,FN
619,FP,FP,FP,FP,FP,TN,TN,TN,TN,TN,TN,TN,TN,TN,TN,TN,TN,TN,TN,TN,TN
620,FP,FP,FP,FP,TN,TN,TN,TN,TN,TN,TN,TN,TN,TN,TN,TN,TN,TN,TN,TN,TN
621,TP,TP,TP,TP,TP,TP,TP,TP,TP,TP,TP,TP,TP,TP,TP,FN,FN,FN,FN,FN,FN
622,FP,FP,FP,FP,TN,TN,TN,TN,TN,TN,TN,TN,TN,TN,TN,TN,TN,TN,TN,TN,TN
623,FP,FP,TN,TN,TN,TN,TN,TN,TN,TN,TN,TN,TN,TN,TN,TN,TN,TN,TN,TN,TN
624,FP,FP,FP,FP,FP,FP,FP,TN,TN,TN,TN,TN,TN,TN,TN,TN,TN,TN,TN,TN,TN
625,TP,TP,TP,TP,TP,TP,TP,TP,TP,TP,TP,TP,FN,FN,FN,FN,FN,FN,FN,FN,FN
626,FP,FP,FP,FP,TN,TN,TN,TN,TN,TN,TN,TN,TN,TN,TN,TN,TN,TN,TN,TN,TN
627,FP,FP,FP,FP,FP,TN,TN,TN,TN,TN,TN,TN,TN,TN,TN,TN,TN,TN,TN,TN,TN
628,FP,FP,FP,FP,FP,FP,FP,TN,TN,TN,TN,TN,TN,TN,TN,TN,TN,TN,TN,TN,TN
629,FP,FP,FP,FP,FP,FP,FP,TN,TN,TN,TN,TN,TN,TN,TN,TN,TN,TN,TN,TN,TN
630,TP,TP,TP,TP,TP,TP,TP,TP,TP,TP,TP,FN,FN,FN,FN,FN,FN,FN,FN,FN,FN
631,FP,FP,FP,FP,FP,FP,FP,TN,TN,TN,TN,TN,TN,TN,TN,TN,TN,TN,TN,TN,TN
632,FP,FP,FP,FP,TN,TN,TN,TN,TN,TN,TN,TN,TN,TN,TN,TN,TN,TN,TN,TN,TN
633,FP,FP,FP,FP,FP,TN,TN,TN,TN,TN,TN,TN,TN,TN,TN,TN,TN,TN,TN,TN,TN
634,FP,FP,FP,TN,TN,TN,TN,TN,TN,TN,TN,TN,TN,TN,TN,TN,TN,TN,TN,TN,TN
635,FP,FP,TN,TN,TN,TN,TN,TN,TN,TN,TN,TN,TN,TN,TN,TN,TN,TN,TN,TN,TN
636,TP,TP,TP,TP,TP,TP,TP,TP,TP,TP,TP,TP,TP,TP,TP,TP,TP,FN,FN,FN,FN
637,FP,FP,FP,FP,TN,TN,TN,TN,TN,TN,TN,TN,TN,TN,TN,TN,TN,TN,TN,TN,TN
638,TP,TP,TP,TP,TP,TP,TP,TP,TP,TP,TP,TP,TP,TP,TP,TP,TP,TP,TP,FN,FN
639,FP,FP,FP,FP,TN,TN,TN,TN,TN,TN,TN,TN,TN,TN,TN,TN,TN,TN,TN,TN,TN
640,FP,FP,FP,FP,FP,FP,FP,TN,TN,TN,TN,TN,TN,TN,TN,TN,TN,TN,TN,TN,TN
641,FP,FP,FP,FP,TN,TN,TN,TN,TN,TN,TN,TN,TN,TN,TN,TN,TN,TN,TN,TN,TN
642,TP,TP,TP,TP,TP,TP,TP,TP,TP,TP,TP,TP,TP,TP,TP,TP,TP,TP,TP,FN,FN
643,FP,FP,FP,FP,FP,TN,TN,TN,TN,TN,TN,TN,TN,TN,TN,TN,TN,TN,TN,TN,TN
644,FP,FP,FP,FP,FP,FP,FP,TN,TN,TN,TN,TN,TN,TN,TN,TN,TN,TN,TN,TN,TN
645,FP,FP,TN,TN,TN,TN,TN,TN,TN,TN,TN,TN,TN,TN,TN,TN,TN,TN,TN,TN,TN
646,FP,FP,FP,FP,FP,FP,FP,TN,TN,TN,TN,TN,TN,TN,TN,TN,TN,TN,TN,TN,TN
647,FP,FP,FP,FP,TN,TN,TN,TN,TN,TN,TN,TN,TN,TN,TN,TN,TN,TN,TN,TN,TN
648,TP,TP,TP,TP,TP,TP,TP,TP,TP,TP,TP,TP,TP,TP,TP,TP,FN,FN,FN,FN,FN
649,FP,FP,FP,FP,FP,FP,TN,TN,TN,TN,TN,TN,TN,TN,TN,TN,TN,TN,TN,TN,TN
650,FP,FP,FP,FP,FP,FP,FP,TN,TN,TN,TN,TN,TN,TN,TN,TN,TN,TN,TN,TN,TN
651,TP,TP,TP,TP,FN,FN,FN,FN,FN,FN,FN,FN,FN,FN,FN,FN,FN,FN,FN,FN,FN
652,TP,TP,TP,TP,TP,TP,TP,TP,TP,TP,TP,TP,TP,TP,TP,FN,FN,FN,FN,FN,FN
653,FP,FP,FP,FP,FP,FP,TN,TN,TN,TN,TN,TN,TN,TN,TN,TN,TN,TN,TN,TN,TN
654,TP,TP,TP,TP,TP,TP,TP,TP,TP,TP,TP,TP,TP,FN,FN,FN,FN,FN,FN,FN,FN
655,TP,TP,TP,TP,TP,TP,TP,TP,TP,TP,TP,TP,TP,TP,TP,TP,TP,TP,TP,FN,FN
656,FP,FP,FP,FP,FP,FP,TN,TN,TN,TN,TN,TN,TN,TN,TN,TN,TN,TN,TN,TN,TN
657,FP,FP,FP,FP,FP,TN,TN,TN,TN,TN,TN,TN,TN,TN,TN,TN,TN,TN,TN,TN,TN
658,FP,FP,FP,TN,TN,TN,TN,TN,TN,TN,TN,TN,TN,TN,TN,TN,TN,TN,TN,TN,TN
659,FP,FP,FP,TN,TN,TN,TN,TN,TN,TN,TN,TN,TN,TN,TN,TN,TN,TN,TN,TN,TN
660,FP,FP,FP,TN,TN,TN,TN,TN,TN,TN,TN,TN,TN,TN,TN,TN,TN,TN,TN,TN,TN
661,FP,FP,FP,FP,FP,FP,TN,TN,TN,TN,TN,TN,TN,TN,TN,TN,TN,TN,TN,TN,TN
662,TP,TP,TP,TP,TP,TP,TP,TP,TP,TP,TP,TP,TP,TP,TP,TP,TP,FN,FN,FN,FN
663,FP,FP,FP,TN,TN,TN,TN,TN,TN,TN,TN,TN,TN,TN,TN,TN,TN,TN,TN,TN,TN
664,FP,FP,FP,FP,TN,TN,TN,TN,TN,TN,TN,TN,TN,TN,TN,TN,TN,TN,TN,TN,TN
665,FP,FP,FP,FP,TN,TN,TN,TN,TN,TN,TN,TN,TN,TN,TN,TN,TN,TN,TN,TN,TN
666,FP,FP,FP,TN,TN,TN,TN,TN,TN,TN,TN,TN,TN,TN,TN,TN,TN,TN,TN,TN,TN
667,FP,FP,FP,FP,FP,FP,FP,TN,TN,TN,TN,TN,TN,TN,TN,TN,TN,TN,TN,TN,TN
668,FP,FP,FP,FP,FP,FP,TN,TN,TN,TN,TN,TN,TN,TN,TN,TN,TN,TN,TN,TN,TN
669,FP,FP,FP,TN,TN,TN,TN,TN,TN,TN,TN,TN,TN,TN,TN,TN,TN,TN,TN,TN,TN
670,FP,FP,TN,TN,TN,TN,TN,TN,TN,TN,TN,TN,TN,TN,TN,TN,TN,TN,TN,TN,TN
671,FP,FP,FP,TN,TN,TN,TN,TN,TN,TN,TN,TN,TN,TN,TN,TN,TN,TN,TN,TN,TN
672,FP,FP,FP,FP,FP,FP,FP,TN,TN,TN,TN,TN,TN,TN,TN,TN,TN,TN,TN,TN,TN
673,FP,FP,FP,FP,FP,FP,FP,TN,TN,TN,TN,TN,TN,TN,TN,TN,TN,TN,TN,TN,TN
674,FP,FP,FP,FP,TN,TN,TN,TN,TN,TN,TN,TN,TN,TN,TN,TN,TN,TN,TN,TN,TN
675,FP,FP,FP,FP,FP,FP,TN,TN,TN,TN,TN,TN,TN,TN,TN,TN,TN,TN,TN,TN,TN
676,TP,TP,TP,TP,TP,FN,FN,FN,FN,FN,FN,FN,FN,FN,FN,FN,FN,FN,FN,FN,FN
677,TP,TP,TP,TP,TP,FN,FN,FN,FN,FN,FN,FN,FN,FN,FN,FN,FN,FN,FN,FN,FN
678,TP,TP,TP,TP,TP,TP,TP,TP,TP,TP,TP,TP,TP,TP,TP,TP,TP,FN,FN,FN,FN
679,FP,FP,FP,TN,TN,TN,TN,TN,TN,TN,TN,TN,TN,TN,TN,TN,TN,TN,TN,TN,TN
680,TP,TP,TP,TP,TP,TP,TP,TP,TP,TP,TP,TP,TP,TP,FN,FN,FN,FN,FN,FN,FN
681,FP,FP,FP,TN,TN,TN,TN,TN,TN,TN,TN,TN,TN,TN,TN,TN,TN,TN,TN,TN,TN
682,FP,FP,FP,TN,TN,TN,TN,TN,TN,TN,TN,TN,TN,TN,TN,TN,TN,TN,TN,TN,TN
683,TP,TP,TP,TP,TP,TP,TP,TP,TP,TP,TP,TP,FN,FN,FN,FN,FN,FN,FN,FN,FN
684,FP,FP,FP,FP,FP,TN,TN,TN,TN,TN,TN,TN,TN,TN,TN,TN,TN,TN,TN,TN,TN
685,TP,TP,TP,TP,TP,TP,TP,TP,TP,TP,TP,FN,FN,FN,FN,FN,FN,FN,FN,FN,FN
686,FP,FP,FP,FP,TN,TN,TN,TN,TN,TN,TN,TN,TN,TN,TN,TN,TN,TN,TN,TN,TN
687,FP,FP,FP,FP,FP,TN,TN,TN,TN,TN,TN,TN,TN,TN,TN,TN,TN,TN,TN,TN,TN
688,FP,FP,FP,FP,FP,FP,FP,TN,TN,TN,TN,TN,TN,TN,TN,TN,TN,TN,TN,TN,TN
689,FP,FP,FP,FP,FP,FP,FP,TN,TN,TN,TN,TN,TN,TN,TN,TN,TN,TN,TN,TN,TN
690,TP,TP,TP,TP,TP,TP,TP,TP,TP,TP,TP,TP,FN,FN,FN,FN,FN,FN,FN,FN,FN
691,FP,FP,FP,FP,FP,TN,TN,TN,TN,TN,TN,TN,TN,TN,TN,TN,TN,TN,TN,TN,TN
692,FP,FP,FP,FP,FP,FP,FP,TN,TN,TN,TN,TN,TN,TN,TN,TN,TN,TN,TN,TN,TN
693,TP,TP,TP,TP,TP,TP,TP,TP,TP,TP,TP,TP,TP,FN,FN,FN,FN,FN,FN,FN,FN
694,FP,FP,FP,FP,TN,TN,TN,TN,TN,TN,TN,TN,TN,TN,TN,TN,TN,TN,TN,TN,TN
695,FP,FP,FP,FP,FP,FP,FP,TN,TN,TN,TN,TN,TN,TN,TN,TN,TN,TN,TN,TN,TN
696,TP,TP,TP,TP,TP,TP,TP,TP,TP,TP,TP,TP,TP,TP,TP,TP,TP,TP,FN,FN,FN
697,FP,FP,TN,TN,TN,TN,TN,TN,TN,TN,TN,TN,TN,TN,TN,TN,TN,TN,TN,TN,TN
698,FP,FP,FP,FP,FP,FP,FP,TN,TN,TN,TN,TN,TN,TN,TN,TN,TN,TN,TN,TN,TN
699,FP,FP,FP,TN,TN,TN,TN,TN,TN,TN,TN,TN,TN,TN,TN,TN,TN,TN,TN,TN,TN
700,FP,FP,FP,FP,FP,FP,FP,TN,TN,TN,TN,TN,TN,TN,TN,TN,TN,TN,TN,TN,TN
701,TP,TP,TP,TP,TP,TP,TP,TP,TP,TP,TP,FN,FN,FN,FN,FN,FN,FN,FN,FN,FN
702,FP,FP,FP,FP,FP,TN,TN,TN,TN,TN,TN,TN,TN,TN,TN,TN,TN,TN,TN,TN,TN
703,FP,FP,FP,FP,TN,TN,TN,TN,TN,TN,TN,TN,TN,TN,TN,TN,TN,TN,TN,TN,TN
704,FP,FP,FP,FP,FP,FP,FP,TN,TN,TN,TN,TN,TN,TN,TN,TN,TN,TN,TN,TN,TN
705,TP,TP,TP,TP,TP,TP,TP,FN,FN,FN,FN,FN,FN,FN,FN,FN,FN,FN,FN,FN,FN
706,TP,TP,TP,TP,TP,TP,TP,TP,FN,FN,FN,FN,FN,FN,FN,FN,FN,FN,FN,FN,FN
707,FP,FP,FP,TN,TN,TN,TN,TN,TN,TN,TN,TN,TN,TN,TN,TN,TN,TN,TN,TN,TN
708,TP,TP,TP,TP,TP,TP,TP,TP,TP,TP,TP,TP,TP,TP,TP,TP,TP,TP,TP,FN,FN
709,TP,TP,TP,TP,TP,TP,TP,TP,TP,TP,TP,TP,TP,TP,FN,FN,FN,FN,FN,FN,FN
710,TP,TP,TP,TP,TP,TP,TP,TP,TP,TP,TP,TP,TP,FN,FN,FN,FN,FN,FN,FN,FN
711,FP,FP,FP,FP,FP,FP,TN,TN,TN,TN,TN,TN,TN,TN,TN,TN,TN,TN,TN,TN,TN
712,TP,TP,TP,TP,TP,TP,TP,TP,TP,TP,TP,TP,TP,FN,FN,FN,FN,FN,FN,FN,FN
713,FP,FP,FP,FP,FP,TN,TN,TN,TN,TN,TN,TN,TN,TN,TN,TN,TN,TN,TN,TN,TN
714,FP,FP,TN,TN,TN,TN,TN,TN,TN,TN,TN,TN,TN,TN,TN,TN,TN,TN,TN,TN,TN
715,TP,TP,TP,TP,TP,TP,TP,TP,TP,TP,TP,TP,FN,FN,FN,FN,FN,FN,FN,FN,FN
716,TP,TP,TP,TP,TP,TP,TP,TP,TP,FN,FN,FN,FN,FN,FN,FN,FN,FN,FN,FN,FN
717,TP,TP,TP,TP,TP,TP,TP,FN,FN,FN,FN,FN,FN,FN,FN,FN,FN,FN,FN,FN,FN
718,FP,FP,FP,FP,TN,TN,TN,TN,TN,TN,TN,TN,TN,TN,TN,TN,TN,TN,TN,TN,TN
719,TP,TP,TP,TP,TP,TP,TP,TP,TP,TP,TP,TP,FN,FN,FN,FN,FN,FN,FN,FN,FN
720,FP,FP,FP,FP,FP,FP,FP,TN,TN,TN,TN,TN,TN,TN,TN,TN,TN,TN,TN,TN,TN
721,FP,FP,FP,FP,FP,FP,TN,TN,TN,TN,TN,TN,TN,TN,TN,TN,TN,TN,TN,TN,TN
722,TP,TP,TP,TP,TP,TP,FN,FN,FN,FN,FN,FN,FN,FN,FN,FN,FN,FN,FN,FN,FN
723,FP,FP,FP,FP,FP,FP,FP,TN,TN,TN,TN,TN,TN,TN,TN,TN,TN,TN,TN,TN,TN
724,TP,TP,TP,TP,TP,FN,FN,FN,FN,FN,FN,FN,FN,FN,FN,FN,FN,FN,FN,FN,FN
725,FP,FP,FP,FP,FP,TN,TN,TN,TN,TN,TN,TN,TN,TN,TN,TN,TN,TN,TN,TN,TN
726,FP,FP,FP,FP,FP,TN,TN,TN,TN,TN,TN,TN,TN,TN,TN,TN,TN,TN,TN,TN,TN
727,TP,TP,TP,TP,TP,TP,TP,TP,TP,TP,FN,FN,FN,FN,FN,FN,FN,FN,FN,FN,FN
728,FP,FP,FP,TN,TN,TN,TN,TN,TN,TN,TN,TN,TN,TN,TN,TN,TN,TN,TN,TN,TN
729,FP,FP,FP,TN,TN,TN,TN,TN,TN,TN,TN,TN,TN,TN,TN,TN,TN,TN,TN,TN,TN
730,TP,TP,TP,TP,TP,TP,TP,TP,TP,TP,TP,TP,TP,FN,FN,FN,FN,FN,FN,FN,FN
731,FP,FP,FP,TN,TN,TN,TN,TN,TN,TN,TN,TN,TN,TN,TN,TN,TN,TN,TN,TN,TN
732,TP,TP,TP,TP,TP,TP,TP,TP,TP,FN,FN,FN,FN,FN,FN,FN,FN,FN,FN,FN,FN
733,FP,FP,FP,FP,FP,FP,FP,TN,TN,TN,TN,TN,TN,TN,TN,TN,TN,TN,TN,TN,TN
734,FP,FP,FP,FP,TN,TN,TN,TN,TN,TN,TN,TN,TN,TN,TN,TN,TN,TN,TN,TN,TN
735,FP,FP,FP,FP,FP,FP,FP,TN,TN,TN,TN,TN,TN,TN,TN,TN,TN,TN,TN,TN,TN
736,FP,FP,FP,FP,FP,FP,FP,TN,TN,TN,TN,TN,TN,TN,TN,TN,TN,TN,TN,TN,TN
737,FP,FP,FP,FP,FP,TN,TN,TN,TN,TN,TN,TN,TN,TN,TN,TN,TN,TN,TN,TN,TN
738,FP,FP,FP,FP,FP,FP,FP,TN,TN,TN,TN,TN,TN,TN,TN,TN,TN,TN,TN,TN,TN
739,FP,FP,FP,FP,FP,TN,TN,TN,TN,TN,TN,TN,TN,TN,TN,TN,TN,TN,TN,TN,TN
740,TP,TP,TP,TP,TP,TP,TP,TP,FN,FN,FN,FN,FN,FN,FN,FN,FN,FN,FN,FN,FN
741,TP,TP,TP,TP,TP,TP,TP,TP,TP,FN,FN,FN,FN,FN,FN,FN,FN,FN,FN,FN,FN
742,FP,FP,FP,FP,FP,FP,TN,TN,TN,TN,TN,TN,TN,TN,TN,TN,TN,TN,TN,TN,TN
743,TP,TP,TP,TP,TP,TP,TP,TP,TP,TP,TP,TP,TP,TP,TP,TP,TP,TP,TP,TP,FN
744,TP,TP,TP,TP,TP,TP,TP,TP,TP,TP,TP,TP,TP,TP,TP,TP,TP,TP,TP,TP,FN
745,TP,TP,TP,TP,TP,TP,TP,TP,TP,TP,TP,TP,TP,TP,TP,TP,TP,TP,FN,FN,FN
746,TP,TP,TP,TP,TP,TP,TP,TP,TP,TP,TP,FN,FN,FN,FN,FN,FN,FN,FN,FN,FN
747,TP,TP,TP,TP,TP,TP,TP,FN,FN,FN,FN,FN,FN,FN,FN,FN,FN,FN,FN,FN,FN
748,FP,FP,FP,TN,TN,TN,TN,TN,TN,TN,TN,TN,TN,TN,TN,TN,TN,TN,TN,TN,TN
749,TP,TP,TP,TP,TP,TP,TP,TP,TP,TP,TP,TP,TP,TP,TP,TP,FN,FN,FN,FN,FN
750,FP,FP,FP,FP,TN,TN,TN,TN,TN,TN,TN,TN,TN,TN,TN,TN,TN,TN,TN,TN,TN
751,FP,FP,FP,FP,TN,TN,TN,TN,TN,TN,TN,TN,TN,TN,TN,TN,TN,TN,TN,TN,TN
752,FP,FP,FP,TN,TN,TN,TN,TN,TN,TN,TN,TN,TN,TN,TN,TN,TN,TN,TN,TN,TN
753,FP,FP,FP,FP,FP,FP,TN,TN,TN,TN,TN,TN,TN,TN,TN,TN,TN,TN,TN,TN,TN
754,FP,FP,FP,FP,TN,TN,TN,TN,TN,TN,TN,TN,TN,TN,TN,TN,TN,TN,TN,TN,TN
755,TP,TP,TP,TP,TP,TP,FN,FN,FN,FN,FN,FN,FN,FN,FN,FN,FN,FN,FN,FN,FN
756,TP,TP,TP,TP,TP,TP,FN,FN,FN,FN,FN,FN,FN,FN,FN,FN,FN,FN,FN,FN,FN
757,FP,FP,FP,TN,TN,TN,TN,TN,TN,TN,TN,TN,TN,TN,TN,TN,TN,TN,TN,TN,TN
758,TP,TP,TP,TP,TP,TP,TP,TP,TP,TP,TP,TP,TP,TP,TP,TP,TP,TP,TP,TP,FN
759,FP,FP,FP,FP,FP,FP,FP,TN,TN,TN,TN,TN,TN,TN,TN,TN,TN,TN,TN,TN,TN
760,FP,FP,FP,FP,FP,FP,TN,TN,TN,TN,TN,TN,TN,TN,TN,TN,TN,TN,TN,TN,TN
761,FP,FP,FP,FP,TN,TN,TN,TN,TN,TN,TN,TN,TN,TN,TN,TN,TN,TN,TN,TN,TN
762,FP,FP,FP,FP,FP,FP,FP,TN,TN,TN,TN,TN,TN,TN,TN,TN,TN,TN,TN,TN,TN
763,FP,FP,FP,TN,TN,TN,TN,TN,TN,TN,TN,TN,TN,TN,TN,TN,TN,TN,TN,TN,TN
764,FP,FP,FP,FP,FP,FP,FP,TN,TN,TN,TN,TN,TN,TN,TN,TN,TN,TN,TN,TN,TN
765,FP,FP,FP,FP,FP,FP,TN,TN,TN,TN,TN,TN,TN,TN,TN,TN,TN,TN,TN,TN,TN
766,FP,FP,FP,FP,FP,TN,TN,TN,TN,TN,TN,TN,TN,TN,TN,TN,TN,TN,TN,TN,TN
767,FP,FP,FP,FP,FP,TN,TN,TN,TN,TN,TN,TN,TN,TN,TN,TN,TN,TN,TN,TN,TN
768,FP,FP,FP,FP,FP,TN,TN,TN,TN,TN,TN,TN,TN,TN,TN,TN,TN,TN,TN,TN,TN
769,FP,FP,FP,FP,FP,FP,FP,TN,TN,TN,TN,TN,TN,TN,TN,TN,TN,TN,TN,TN,TN
770,TP,TP,TP,TP,TP,TP,TP,TP,TP,TP,TP,FN,FN,FN,FN,FN,FN,FN,FN,FN,FN
771,FP,FP,FP,FP,FP,FP,FP,TN,TN,TN,TN,TN,TN,TN,TN,TN,TN,TN,TN,TN,TN
772,FP,FP,FP,TN,TN,TN,TN,TN,TN,TN,TN,TN,TN,TN,TN,TN,TN,TN,TN,TN,TN
773,FP,FP,FP,FP,FP,FP,TN,TN,TN,TN,TN,TN,TN,TN,TN,TN,TN,TN,TN,TN,TN
774,FP,FP,FP,FP,FP,FP,FP,TN,TN,TN,TN,TN,TN,TN,TN,TN,TN,TN,TN,TN,TN
775,FP,FP,FP,FP,FP,FP,TN,TN,TN,TN,TN,TN,TN,TN,TN,TN,TN,TN,TN,TN,TN
776,TP,TP,TP,TP,TP,TP,TP,TP,TP,TP,TP,TP,TP,TP,TP,TP,FN,FN,FN,FN,FN
777,FP,FP,FP,FP,FP,FP,TN,TN,TN,TN,TN,TN,TN,TN,TN,TN,TN,TN,TN,TN,TN
778,FP,FP,FP,FP,TN,TN,TN,TN,TN,TN,TN,TN,TN,TN,TN,TN,TN,TN,TN,TN,TN
779,FP,FP,TN,TN,TN,TN,TN,TN,TN,TN,TN,TN,TN,TN,TN,TN,TN,TN,TN,TN,TN
780,TP,TP,TP,TP,TP,TP,TP,TP,FN,FN,FN,FN,FN,FN,FN,FN,FN,FN,FN,FN,FN
781,FP,FP,FP,FP,FP,FP,FP,TN,TN,TN,TN,TN,TN,TN,TN,TN,TN,TN,TN,TN,TN
782,FP,FP,FP,FP,FP,TN,TN,TN,TN,TN,TN,TN,TN,TN,TN,TN,TN,TN,TN,TN,TN
783,FP,FP,FP,FP,FP,TN,TN,TN,TN,TN,TN,TN,TN,TN,TN,TN,TN,TN,TN,TN,TN
784,FP,FP,FP,FP,TN,TN,TN,TN,TN,TN,TN,TN,TN,TN,TN,TN,TN,TN,TN,TN,TN
785,FP,FP,FP,FP,FP,FP,TN,TN,TN,TN,TN,TN,TN,TN,TN,TN,TN,TN,TN,TN,TN
786,FP,FP,TN,TN,TN,TN,TN,TN,TN,TN,TN,TN,TN,TN,TN,TN,TN,TN,TN,TN,TN
787,FP,FP,FP,FP,FP,FP,FP,TN,TN,TN,TN,TN,TN,TN,TN,TN,TN,TN,TN,TN,TN
788,FP,FP,FP,TN,TN,TN,TN,TN,TN,TN,TN,TN,TN,TN,TN,TN,TN,TN,TN,TN,TN
789,TP,TP,TP,TP,TP,TP,TP,TP,TP,TP,TP,FN,FN,FN,FN,FN,FN,FN,FN,FN,FN
790,FP,TN,TN,TN,TN,TN,TN,TN,TN,TN,TN,TN,TN,TN,TN,TN,TN,TN,TN,TN,TN
791,TP,TP,TP,TP,FN,FN,FN,FN,FN,FN,FN,FN,FN,FN,FN,FN,FN,FN,FN,FN,FN
792,FP,FP,FP,FP,FP,FP,FP,TN,TN,TN,TN,TN,TN,TN,TN,TN,TN,TN,TN,TN,TN
793,FP,FP,FP,TN,TN,TN,TN,TN,TN,TN,TN,TN,TN,TN,TN,TN,TN,TN,TN,TN,TN
794,FP,FP,FP,FP,TN,TN,TN,TN,TN,TN,TN,TN,TN,TN,TN,TN,TN,TN,TN,TN,TN
795,FP,FP,FP,FP,FP,FP,TN,TN,TN,TN,TN,TN,TN,TN,TN,TN,TN,TN,TN,TN,TN
796,FP,FP,FP,FP,FP,FP,FP,TN,TN,TN,TN,TN,TN,TN,TN,TN,TN,TN,TN,TN,TN
797,TP,TP,TP,TP,TP,TP,TP,TP,TP,TP,FN,FN,FN,FN,FN,FN,FN,FN,FN,FN,FN
798,FP,FP,FP,FP,TN,TN,TN,TN,TN,TN,TN,TN,TN,TN,TN,TN,TN,TN,TN,TN,TN
799,TP,TP,TP,TP,TP,TP,TP,TP,TP,TP,TP,TP,FN,FN,FN,FN,FN,FN,FN,FN,FN
800,TP,TP,TP,TP,TP,TP,TP,TP,TP,TP,TP,TP,TP,TP,FN,FN,FN,FN,FN,FN,FN
801,FP,FP,FP,TN,TN,TN,TN,TN,TN,TN,TN,TN,TN,TN,TN,TN,TN,TN,TN,TN,TN
802,FP,FP,FP,FP,FP,TN,TN,TN,TN,TN,TN,TN,TN,TN,TN,TN,TN,TN,TN,TN,TN
803,FP,FP,FP,FP,FP,FP,FP,TN,TN,TN,TN,TN,TN,TN,TN,TN,TN,TN,TN,TN,TN
804,FP,FP,FP,FP,FP,FP,TN,TN,TN,TN,TN,TN,TN,TN,TN,TN,TN,TN,TN,TN,TN
805,FP,FP,FP,FP,TN,TN,TN,TN,TN,TN,TN,TN,TN,TN,TN,TN,TN,TN,TN,TN,TN
806,TP,TP,TP,TP,TP,TP,TP,TP,TP,TP,TP,TP,TP,TP,TP,FN,FN,FN,FN,FN,FN
807,TP,TP,TP,TP,TP,TP,TP,TP,TP,TP,TP,TP,TP,TP,TP,TP,FN,FN,FN,FN,FN
808,FP,FP,FP,FP,FP,TN,TN,TN,TN,TN,TN,TN,TN,TN,TN,TN,TN,TN,TN,TN,TN
809,FP,FP,FP,TN,TN,TN,TN,TN,TN,TN,TN,TN,TN,TN,TN,TN,TN,TN,TN,TN,TN
810,FP,FP,FP,FP,FP,TN,TN,TN,TN,TN,TN,TN,TN,TN,TN,TN,TN,TN,TN,TN,TN
811,FP,FP,FP,FP,FP,TN,TN,TN,TN,TN,TN,TN,TN,TN,TN,TN,TN,TN,TN,TN,TN
812,TP,TP,TP,TP,TP,TP,TP,TP,TP,TP,TP,TP,TP,TP,TP,TP,FN,FN,FN,FN,FN
813,FP,FP,FP,FP,TN,TN,TN,TN,TN,TN,TN,TN,TN,TN,TN,TN,TN,TN,TN,TN,TN
814,TP,TP,TP,TP,TP,TP,TP,FN,FN,FN,FN,FN,FN,FN,FN,FN,FN,FN,FN,FN,FN
815,FP,FP,FP,FP,FP,TN,TN,TN,TN,TN,TN,TN,TN,TN,TN,TN,TN,TN,TN,TN,TN
816,TP,TP,TP,TP,TP,TP,TP,TP,TP,TP,TP,TP,TP,TP,TP,TP,FN,FN,FN,FN,FN
817,FP,FP,TN,TN,TN,TN,TN,TN,TN,TN,TN,TN,TN,TN,TN,TN,TN,TN,TN,TN,TN
818,FP,FP,FP,FP,FP,FP,TN,TN,TN,TN,TN,TN,TN,TN,TN,TN,TN,TN,TN,TN,TN
819,FP,FP,FP,TN,TN,TN,TN,TN,TN,TN,TN,TN,TN,TN,TN,TN,TN,TN,TN,TN,TN
820,FP,FP,FP,TN,TN,TN,TN,TN,TN,TN,TN,TN,TN,TN,TN,TN,TN,TN,TN,TN,TN
821,TP,TP,TP,TP,TP,TP,TP,TP,TP,TP,TP,TP,TP,TP,TP,TP,TP,TP,TP,FN,FN
822,FP,FP,FP,FP,FP,FP,FP,TN,TN,TN,TN,TN,TN,TN,TN,TN,TN,TN,TN,TN,TN
823,TP,TP,TP,TP,TP,TP,TP,TP,TP,FN,FN,FN,FN,FN,FN,FN,FN,FN,FN,FN,FN
824,TP,TP,TP,TP,TP,TP,TP,FN,FN,FN,FN,FN,FN,FN,FN,FN,FN,FN,FN,FN,FN
825,TP,TP,TP,TP,TP,TP,TP,TP,TP,TP,TP,TP,TP,FN,FN,FN,FN,FN,FN,FN,FN
826,TP,TP,TP,TP,TP,TP,TP,TP,TP,TP,TP,TP,FN,FN,FN,FN,FN,FN,FN,FN,FN
827,FP,FP,FP,TN,TN,TN,TN,TN,TN,TN,TN,TN,TN,TN,TN,TN,TN,TN,TN,TN,TN
828,FP,FP,FP,TN,TN,TN,TN,TN,TN,TN,TN,TN,TN,TN,TN,TN,TN,TN,TN,TN,TN
829,TP,TP,TP,TP,TP,TP,TP,TP,TP,TP,TP,FN,FN,FN,FN,FN,FN,FN,FN,FN,FN
830,FP,FP,TN,TN,TN,TN,TN,TN,TN,TN,TN,TN,TN,TN,TN,TN,TN,TN,TN,TN,TN
831,FP,FP,FP,FP,FP,FP,FP,TN,TN,TN,TN,TN,TN,TN,TN,TN,TN,TN,TN,TN,TN
832,FP,FP,FP,FP,FP,TN,TN,TN,TN,TN,TN,TN,TN,TN,TN,TN,TN,TN,TN,TN,TN
833,FP,FP,FP,FP,FP,FP,TN,TN,TN,TN,TN,TN,TN,TN,TN,TN,TN,TN,TN,TN,TN
834,FP,FP,FP,FP,FP,FP,TN,TN,TN,TN,TN,TN,TN,TN,TN,TN,TN,TN,TN,TN,TN
835,TP,TP,TP,TP,TP,TP,TP,TP,TP,TP,TP,TP,TP,TP,TP,TP,TP,FN,FN,FN,FN
836,TP,TP,TP,TP,TP,TP,TP,TP,TP,TP,TP,TP,TP,TP,TP,TP,TP,TP,TP,TP,FN
837,FP,FP,FP,TN,TN,TN,TN,TN,TN,TN,TN,TN,TN,TN,TN,TN,TN,TN,TN,TN,TN
838,FP,FP,FP,FP,FP,FP,FP,TN,TN,TN,TN,TN,TN,TN,TN,TN,TN,TN,TN,TN,TN
839,FP,FP,TN,TN,TN,TN,TN,TN,TN,TN,TN,TN,TN,TN,TN,TN,TN,TN,TN,TN,TN
840,FP,FP,FP,FP,FP,TN,TN,TN,TN,TN,TN,TN,TN,TN,TN,TN,TN,TN,TN,TN,TN
841,FP,FP,FP,FP,FP,TN,TN,TN,TN,TN,TN,TN,TN,TN,TN,TN,TN,TN,TN,TN,TN
842,TP,TP,TP,TP,TP,TP,TP,TP,TP,TP,TP,TP,TP,TP,TP,TP,TP,TP,TP,FN,FN
843,TP,TP,TP,TP,TP,TP,FN,FN,FN,FN,FN,FN,FN,FN,FN,FN,FN,FN,FN,FN,FN
844,TP,TP,TP,TP,TP,TP,TP,TP,TP,TP,TP,TP,TP,TP,TP,TP,TP,TP,FN,FN,FN
845,FP,FP,FP,TN,TN,TN,TN,TN,TN,TN,TN,TN,TN,TN,TN,TN,TN,TN,TN,TN,TN
846,FP,FP,TN,TN,TN,TN,TN,TN,TN,TN,TN,TN,TN,TN,TN,TN,TN,TN,TN,TN,TN
847,TP,TP,TP,TP,TP,TP,TP,TP,TP,TP,TP,TP,TP,TP,FN,FN,FN,FN,FN,FN,FN
848,TP,TP,TP,TP,TP,TP,TP,TP,TP,TP,TP,TP,TP,TP,TP,TP,TP,FN,FN,FN,FN
849,FP,FP,FP,FP,FP,TN,TN,TN,TN,TN,TN,TN,TN,TN,TN,TN,TN,TN,TN,TN,TN
850,TP,TP,TP,TP,TP,TP,TP,FN,FN,FN,FN,FN,FN,FN,FN,FN,FN,FN,FN,FN,FN
851,FP,FP,FP,FP,FP,TN,TN,TN,TN,TN,TN,TN,TN,TN,TN,TN,TN,TN,TN,TN,TN
852,FP,FP,FP,TN,TN,TN,TN,TN,TN,TN,TN,TN,TN,TN,TN,TN,TN,TN,TN,TN,TN
853,TP,TP,TP,TP,TP,TP,TP,TP,TP,TP,TP,TP,TP,TP,TP,TP,TP,TP,TP,TP,FN
854,TP,TP,TP,TP,TP,TP,TP,TP,TP,TP,TP,TP,TP,TP,TP,FN,FN,FN,FN,FN,FN
855,FP,FP,FP,FP,FP,FP,TN,TN,TN,TN,TN,TN,TN,TN,TN,TN,TN,TN,TN,TN,TN
856,TP,TP,TP,TP,TP,TP,TP,TP,TP,TP,TP,TP,TP,TP,TP,TP,TP,FN,FN,FN,FN
857,FP,FP,FP,TN,TN,TN,TN,TN,TN,TN,TN,TN,TN,TN,TN,TN,TN,TN,TN,TN,TN
858,TP,TP,TP,TP,TP,TP,TP,TP,TP,TP,TP,TP,TP,FN,FN,FN,FN,FN,FN,FN,FN
859,FP,FP,FP,TN,TN,TN,TN,TN,TN,TN,TN,TN,TN,TN,TN,TN,TN,TN,TN,TN,TN
860,FP,FP,FP,FP,FP,TN,TN,TN,TN,TN,TN,TN,TN,TN,TN,TN,TN,TN,TN,TN,TN
861,FP,FP,TN,TN,TN,TN,TN,TN,TN,TN,TN,TN,TN,TN,TN,TN,TN,TN,TN,TN,TN
862,FP,FP,FP,FP,FP,TN,TN,TN,TN,TN,TN,TN,TN,TN,TN,TN,TN,TN,TN,TN,TN
863,TP,TP,TP,TP,FN,FN,FN,FN,FN,FN,FN,FN,FN,FN,FN,FN,FN,FN,FN,FN,FN
864,FP,FP,FP,FP,FP,FP,FP,TN,TN,TN,TN,TN,TN,TN,TN,TN,TN,TN,TN,TN,TN
865,TP,TP,TP,TP,TP,TP,TP,TP,TP,TP,TP,TP,FN,FN,FN,FN,FN,FN,FN,FN,FN
866,FP,FP,FP,FP,TN,TN,TN,TN,TN,TN,TN,TN,TN,TN,TN,TN,TN,TN,TN,TN,TN
867,FP,FP,FP,FP,FP,FP,FP,TN,TN,TN,TN,TN,TN,TN,TN,TN,TN,TN,TN,TN,TN
868,TP,TP,TP,TP,TP,TP,TP,TP,TP,TP,TP,TP,TP,FN,FN,FN,FN,FN,FN,FN,FN
869,TP,TP,TP,TP,TP,TP,TP,TP,TP,TP,TP,TP,TP,TP,TP,TP,FN,FN,FN,FN,FN
870,TP,TP,TP,TP,TP,TP,TP,TP,TP,TP,FN,FN,FN,FN,FN,FN,FN,FN,FN,FN,FN
871,TP,TP,TP,TP,TP,TP,TP,TP,TP,TP,TP,TP,TP,TP,FN,FN,FN,FN,FN,FN,FN
872,FP,FP,FP,FP,FP,FP,FP,TN,TN,TN,TN,TN,TN,TN,TN,TN,TN,TN,TN,TN,TN
873,FP,FP,FP,FP,TN,TN,TN,TN,TN,TN,TN,TN,TN,TN,TN,TN,TN,TN,TN,TN,TN
874,TP,TP,TP,TP,TP,TP,TP,TP,TP,TP,TP,TP,TP,TP,TP,TP,TP,TP,TP,FN,FN
875,TP,TP,TP,TP,TP,TP,TP,TP,TP,TP,TP,TP,FN,FN,FN,FN,FN,FN,FN,FN,FN
876,FP,FP,FP,FP,TN,TN,TN,TN,TN,TN,TN,TN,TN,TN,TN,TN,TN,TN,TN,TN,TN
877,TP,TP,TP,TP,TP,TP,TP,FN,FN,FN,FN,FN,FN,FN,FN,FN,FN,FN,FN,FN,FN
878,TP,TP,TP,TP,TP,TP,TP,TP,TP,TP,TP,TP,TP,TP,TP,TP,TP,TP,FN,FN,FN
879,FP,FP,FP,FP,FP,FP,FP,TN,TN,TN,TN,TN,TN,TN,TN,TN,TN,TN,TN,TN,TN
880,FP,FP,FP,FP,FP,FP,FP,TN,TN,TN,TN,TN,TN,TN,TN,TN,TN,TN,TN,TN,TN
881,TP,TP,TP,TP,TP,TP,TP,TP,TP,TP,TP,TP,TP,TP,FN,FN,FN,FN,FN,FN,FN
882,TP,TP,TP,TP,TP,TP,TP,TP,FN,FN,FN,FN,FN,FN,FN,FN,FN,FN,FN,FN,FN
883,FP,FP,FP,FP,TN,TN,TN,TN,TN,TN,TN,TN,TN,TN,TN,TN,TN,TN,TN,TN,TN
884,FP,FP,FP,TN,TN,TN,TN,TN,TN,TN,TN,TN,TN,TN,TN,TN,TN,TN,TN,TN,TN
885,FP,FP,TN,TN,TN,TN,TN,TN,TN,TN,TN,TN,TN,TN,TN,TN,TN,TN,TN,TN,TN
886,FP,FP,FP,FP,TN,TN,TN,TN,TN,TN,TN,TN,TN,TN,TN,TN,TN,TN,TN,TN,TN
887,TP,TP,TP,TP,TP,TP,TP,TP,FN,FN,FN,FN,FN,FN,FN,FN,FN,FN,FN,FN,FN
888,TP,TP,TP,TP,TP,TP,TP,FN,FN,FN,FN,FN,FN,FN,FN,FN,FN,FN,FN,FN,FN
889,TP,TP,TP,TP,TP,TP,TP,TP,TP,TP,TP,TP,TP,TP,TP,FN,FN,FN,FN,FN,FN
890,TP,TP,TP,TP,TP,TP,TP,TP,TP,TP,TP,TP,TP,TP,TP,TP,TP,FN,FN,FN,FN
891,TP,TP,TP,TP,TP,TP,TP,TP,TP,TP,TP,TP,FN,FN,FN,FN,FN,FN,FN,FN,FN
892,FP,FP,FP,FP,FP,FP,FP,TN,TN,TN,TN,TN,TN,TN,TN,TN,TN,TN,TN,TN,TN
893,TP,TP,TP,TP,TP,TP,TP,TP,FN,FN,FN,FN,FN,FN,FN,FN,FN,FN,FN,FN,FN
894,FP,FP,FP,FP,TN,TN,TN,TN,TN,TN,TN,TN,TN,TN,TN,TN,TN,TN,TN,TN,TN
895,FP,FP,FP,FP,TN,TN,TN,TN,TN,TN,TN,TN,TN,TN,TN,TN,TN,TN,TN,TN,TN
896,FP,FP,FP,FP,FP,FP,TN,TN,TN,TN,TN,TN,TN,TN,TN,TN,TN,TN,TN,TN,TN
897,FP,FP,FP,FP,FP,FP,TN,TN,TN,TN,TN,TN,TN,TN,TN,TN,TN,TN,TN,TN,TN
898,TP,TP,TP,TP,TP,TP,TP,TP,TP,TP,FN,FN,FN,FN,FN,FN,FN,FN,FN,FN,FN
899,FP,FP,FP,FP,FP,FP,FP,TN,TN,TN,TN,TN,TN,TN,TN,TN,TN,TN,TN,TN,TN
900,FP,FP,FP,FP,FP,FP,TN,TN,TN,TN,TN,TN,TN,TN,TN,TN,TN,TN,TN,TN,TN
901,TP,TP,TP,TP,TP,TP,TP,TP,TP,TP,TP,TP,TP,TP,TP,TP,FN,FN,FN,FN,FN
902,TP,TP,TP,TP,TP,TP,TP,TP,TP,TP,TP,TP,TP,TP,TP,FN,FN,FN,FN,FN,FN
903,TP,TP,TP,TP,TP,TP,TP,TP,TP,FN,FN,FN,FN,FN,FN,FN,FN,FN,FN,FN,FN
904,FP,FP,FP,FP,FP,TN,TN,TN,TN,TN,TN,TN,TN,TN,TN,TN,TN,TN,TN,TN,TN
905,FP,FP,FP,TN,TN,TN,TN,TN,TN,TN,TN,TN,TN,TN,TN,TN,TN,TN,TN,TN,TN
906,FP,FP,FP,FP,TN,TN,TN,TN,TN,TN,TN,TN,TN,TN,TN,TN,TN,TN,TN,TN,TN
907,TP,TP,TP,TP,TP,TP,TP,TP,TP,FN,FN,FN,FN,FN,FN,FN,FN,FN,FN,FN,FN
908,FP,FP,FP,FP,FP,TN,TN,TN,TN,TN,TN,TN,TN,TN,TN,TN,TN,TN,TN,TN,TN
909,TP,TP,TP,TP,TP,TP,TP,TP,FN,FN,FN,FN,FN,FN,FN,FN,FN,FN,FN,FN,FN
910,FP,FP,FP,FP,FP,FP,FP,TN,TN,TN,TN,TN,TN,TN,TN,TN,TN,TN,TN,TN,TN
911,FP,FP,TN,TN,TN,TN,TN,TN,TN,TN,TN,TN,TN,TN,TN,TN,TN,TN,TN,TN,TN
912,TP,TP,TP,TP,TP,TP,TP,TP,TP,TP,TP,TP,TP,TP,TP,TP,FN,FN,FN,FN,FN
913,FP,FP,FP,TN,TN,TN,TN,TN,TN,TN,TN,TN,TN,TN,TN,TN,TN,TN,TN,TN,TN
914,FP,FP,FP,FP,FP,FP,FP,TN,TN,TN,TN,TN,TN,TN,TN,TN,TN,TN,TN,TN,TN
915,FP,FP,FP,FP,FP,FP,TN,TN,TN,TN,TN,TN,TN,TN,TN,TN,TN,TN,TN,TN,TN
916,TP,TP,TP,TP,TP,TP,TP,TP,TP,TP,TP,TP,TP,TP,TP,TP,TP,TP,TP,FN,FN
917,FP,FP,TN,TN,TN,TN,TN,TN,TN,TN,TN,TN,TN,TN,TN,TN,TN,TN,TN,TN,TN
918,FP,FP,FP,FP,FP,TN,TN,TN,TN,TN,TN,TN,TN,TN,TN,TN,TN,TN,TN,TN,TN
919,TP,TP,TP,TP,TP,TP,TP,TP,TP,TP,TP,TP,TP,FN,FN,FN,FN,FN,FN,FN,FN
920,FP,FP,FP,FP,FP,FP,FP,TN,TN,TN,TN,TN,TN,TN,TN,TN,TN,TN,TN,TN,TN
921,FP,FP,FP,TN,TN,TN,TN,TN,TN,TN,TN,TN,TN,TN,TN,TN,TN,TN,TN,TN,TN
922,FP,FP,FP,FP,FP,FP,TN,TN,TN,TN,TN,TN,TN,TN,TN,TN,TN,TN,TN,TN,TN
923,FP,FP,FP,TN,TN,TN,TN,TN,TN,TN,TN,TN,TN,TN,TN,TN,TN,TN,TN,TN,TN
924,TP,TP,TP,TP,TP,TP,TP,TP,TP,TP,TP,TP,TP,TP,TP,TP,TP,TP,TP,TP,FN
925,TP,TP,TP,TP,TP,TP,TP,TP,TP,TP,TP,TP,TP,TP,TP,TP,FN,FN,FN,FN,FN
926,TP,TP,TP,TP,TP,TP,TP,TP,TP,TP,TP,TP,TP,TP,TP,TP,TP,FN,FN,FN,FN
927,FP,FP,FP,TN,TN,TN,TN,TN,TN,TN,TN,TN,TN,TN,TN,TN,TN,TN,TN,TN,TN
928,FP,FP,TN,TN,TN,TN,TN,TN,TN,TN,TN,TN,TN,TN,TN,TN,TN,TN,TN,TN,TN
929,FP,FP,FP,FP,FP,FP,FP,TN,TN,TN,TN,TN,TN,TN,TN,TN,TN,TN,TN,TN,TN
930,FP,FP,TN,TN,TN,TN,TN,TN,TN,TN,TN,TN,TN,TN,TN,TN,TN,TN,TN,TN,TN
931,FP,FP,FP,TN,TN,TN,TN,TN,TN,TN,TN,TN,TN,TN,TN,TN,TN,TN,TN,TN,TN
932,FP,FP,FP,FP,FP,FP,FP,TN,TN,TN,TN,TN,TN,TN,TN,TN,TN,TN,TN,TN,TN
933,FP,FP,FP,FP,FP,FP,TN,TN,TN,TN,TN,TN,TN,TN,TN,TN,TN,TN,TN,TN,TN
934,FP,FP,FP,FP,TN,TN,TN,TN,TN,TN,TN,TN,TN,TN,TN,TN,TN,TN,TN,TN,TN
935,FP,FP,FP,FP,FP,FP,TN,TN,TN,TN,TN,TN,TN,TN,TN,TN,TN,TN,TN,TN,TN
936,TP,TP,TP,TP,TP,TP,TP,TP,TP,TP,TP,TP,TP,TP,TP,FN,FN,FN,FN,FN,FN
937,FP,FP,FP,TN,TN,TN,TN,TN,TN,TN,TN,TN,TN,TN,TN,TN,TN,TN,TN,TN,TN
938,FP,FP,FP,FP,FP,FP,TN,TN,TN,TN,TN,TN,TN,TN,TN,TN,TN,TN,TN,TN,TN
939,FP,FP,FP,FP,FP,FP,TN,TN,TN,TN,TN,TN,TN,TN,TN,TN,TN,TN,TN,TN,TN
940,FP,FP,FP,FP,FP,TN,TN,TN,TN,TN,TN,TN,TN,TN,TN,TN,TN,TN,TN,TN,TN
941,FP,FP,FP,FP,TN,TN,TN,TN,TN,TN,TN,TN,TN,TN,TN,TN,TN,TN,TN,TN,TN
942,FP,FP,FP,FP,FP,FP,TN,TN,TN,TN,TN,TN,TN,TN,TN,TN,TN,TN,TN,TN,TN
943,TP,TP,TP,TP,TP,TP,TP,TP,TP,TP,TP,TP,TP,TP,TP,TP,TP,FN,FN,FN,FN
944,FP,FP,FP,FP,TN,TN,TN,TN,TN,TN,TN,TN,TN,TN,TN,TN,TN,TN,TN,TN,TN
945,TP,TP,TP,TP,TP,TP,TP,TP,TP,TP,TP,TP,TP,TP,TP,TP,TP,FN,FN,FN,FN
946,FP,FP,TN,TN,TN,TN,TN,TN,TN,TN,TN,TN,TN,TN,TN,TN,TN,TN,TN,TN,TN
947,FP,FP,FP,TN,TN,TN,TN,TN,TN,TN,TN,TN,TN,TN,TN,TN,TN,TN,TN,TN,TN
948,FP,FP,FP,FP,TN,TN,TN,TN,TN,TN,TN,TN,TN,TN,TN,TN,TN,TN,TN,TN,TN
949,FP,FP,FP,FP,FP,TN,TN,TN,TN,TN,TN,TN,TN,TN,TN,TN,TN,TN,TN,TN,TN
950,TP,TP,TP,TP,TP,TP,TP,TP,TP,TP,FN,FN,FN,FN,FN,FN,FN,FN,FN,FN,FN
951,FP,FP,FP,FP,FP,TN,TN,TN,TN,TN,TN,TN,TN,TN,TN,TN,TN,TN,TN,TN,TN
952,TP,TP,TP,TP,TP,TP,TP,TP,TP,TP,TP,TP,TP,TP,TP,TP,TP,TP,TP,TP,FN
953,TP,TP,TP,TP,TP,TP,TP,TP,FN,FN,FN,FN,FN,FN,FN,FN,FN,FN,FN,FN,FN
954,FP,FP,FP,FP,FP,TN,TN,TN,TN,TN,TN,TN,TN,TN,TN,TN,TN,TN,TN,TN,TN
955,FP,FP,FP,FP,FP,FP,FP,TN,TN,TN,TN,TN,TN,TN,TN,TN,TN,TN,TN,TN,TN
956,FP,FP,FP,FP,FP,FP,TN,TN,TN,TN,TN,TN,TN,TN,TN,TN,TN,TN,TN,TN,TN
957,TP,TP,TP,TP,TP,TP,TP,TP,TP,TP,TP,TP,TP,TP,TP,FN,FN,FN,FN,FN,FN
958,FP,FP,FP,FP,FP,FP,TN,TN,TN,TN,TN,TN,TN,TN,TN,TN,TN,TN,TN,TN,TN
959,FP,FP,TN,TN,TN,TN,TN,TN,TN,TN,TN,TN,TN,TN,TN,TN,TN,TN,TN,TN,TN
960,FP,FP,FP,TN,TN,TN,TN,TN,TN,TN,TN,TN,TN,TN,TN,TN,TN,TN,TN,TN,TN
961,FP,FP,TN,TN,TN,TN,TN,TN,TN,TN,TN,TN,TN,TN,TN,TN,TN,TN,TN,TN,TN
962,FP,FP,FP,FP,TN,TN,TN,TN,TN,TN,TN,TN,TN,TN,TN,TN,TN,TN,TN,TN,TN
963,FP,FP,FP,FP,FP,FP,FP,TN,TN,TN,TN,TN,TN,TN,TN,TN,TN,TN,TN,TN,TN
964,FP,FP,FP,TN,TN,TN,TN,TN,TN,TN,TN,TN,TN,TN,TN,TN,TN,TN,TN,TN,TN
965,FP,FP,FP,FP,FP,TN,TN,TN,TN,TN,TN,TN,TN,TN,TN,TN,TN,TN,TN,TN,TN
966,FP,FP,TN,TN,TN,TN,TN,TN,TN,TN,TN,TN,TN,TN,TN,TN,TN,TN,TN,TN,TN
967,FP,FP,FP,TN,TN,TN,TN,TN,TN,TN,TN,TN,TN,TN,TN,TN,TN,TN,TN,TN,TN
968,FP,FP,FP,FP,FP,FP,TN,TN,TN,TN,TN,TN,TN,TN,TN,TN,TN,TN,TN,TN,TN
969,FP,FP,FP,FP,FP,FP,FP,TN,TN,TN,TN,TN,TN,TN,TN,TN,TN,TN,TN,TN,TN
970,TP,TP,TP,TP,TP,TP,TP,TP,TP,TP,TP,TP,TP,TP,TP,TP,FN,FN,FN,FN,FN
971,FP,FP,FP,FP,FP,FP,FP,TN,TN,TN,TN,TN,TN,TN,TN,TN,TN,TN,TN,TN,TN
972,TP,TP,TP,TP,TP,TP,TP,TP,TP,TP,TP,TP,TP,TP,TP,TP,TP,TP,TP,TP,FN
973,TP,TP,TP,TP,TP,TP,TP,TP,TP,TP,TP,FN,FN,FN,FN,FN,FN,FN,FN,FN,FN
974,FP,FP,TN,TN,TN,TN,TN,TN,TN,TN,TN,TN,TN,TN,TN,TN,TN,TN,TN,TN,TN
975,FP,FP,FP,FP,TN,TN,TN,TN,TN,TN,TN,TN,TN,TN,TN,TN,TN,TN,TN,TN,TN
976,TP,TP,TP,TP,TP,TP,TP,TP,TP,TP,TP,TP,TP,TP,TP,TP,TP,TP,FN,FN,FN
977,FP,FP,FP,FP,FP,FP,FP,TN,TN,TN,TN,TN,TN,TN,TN,TN,TN,TN,TN,TN,TN
978,FP,FP,FP,FP,FP,FP,FP,TN,TN,TN,TN,TN,TN,TN,TN,TN,TN,TN,TN,TN,TN
979,TP,TP,TP,TP,TP,TP,TP,TP,TP,FN,FN,FN,FN,FN,FN,FN,FN,FN,FN,FN,FN
980,TP,TP,TP,TP,TP,TP,TP,TP,FN,FN,FN,FN,FN,FN,FN,FN,FN,FN,FN,FN,FN
981,TP,TP,TP,TP,TP,TP,TP,TP,TP,TP,TP,TP,TP,TP,TP,TP,TP,TP,TP,FN,FN
982,FP,FP,FP,FP,FP,TN,TN,TN,TN,TN,TN,TN,TN,TN,TN,TN,TN,TN,TN,TN,TN
983,FP,FP,FP,FP,FP,FP,TN,TN,TN,TN,TN,TN,TN,TN,TN,TN,TN,TN,TN,TN,TN
984,FP,FP,FP,FP,FP,FP,FP,TN,TN,TN,TN,TN,TN,TN,TN,TN,TN,TN,TN,TN,TN
985,FP,FP,FP,FP,TN,TN,TN,TN,TN,TN,TN,TN,TN,TN,TN,TN,TN,TN,TN,TN,TN
986,FP,FP,FP,TN,TN,TN,TN,TN,TN,TN,TN,TN,TN,TN,TN,TN,TN,TN,TN,TN,TN
987,FP,FP,FP,FP,FP,FP,FP,TN,TN,TN,TN,TN,TN,TN,TN,TN,TN,TN,TN,TN,TN
988,FP,FP,TN,TN,TN,TN,TN,TN,TN,TN,TN,TN,TN,TN,TN,TN,TN,TN,TN,TN,TN
989,FP,FP,FP,FP,FP,FP,TN,TN,TN,TN,TN,TN,TN,TN,TN,TN,TN,TN,TN,TN,TN
990,FP,FP,TN,TN,TN,TN,TN,TN,TN,TN,TN,TN,TN,TN,TN,TN,TN,TN,TN,TN,TN
991,FP,FP,FP,FP,FP,FP,TN,TN,TN,TN,TN,TN,TN,TN,TN,TN,TN,TN,TN,TN,TN
992,FP,FP,FP,TN,TN,TN,TN,TN,TN,TN,TN,TN,TN,TN,TN,TN,TN,TN,TN,TN,TN
993,FP,FP,FP,FP,FP,FP,FP,TN,TN,TN,TN,TN,TN,TN,TN,TN,TN,TN,TN,TN,TN
994,TP,TP,TP,TP,TP,TP,TP,TP,TP,TP,TP,TP,TP,TP,TP,TP,TP,TP,TP,TP,FN
995,FP,FP,FP,TN,TN,TN,TN,TN,TN,TN,TN,TN,TN,TN,TN,TN,TN,TN,TN,TN,TN
996,FP,FP,FP,FP,TN,TN,TN,TN,TN,TN,TN,TN,TN,TN,TN,TN,TN,TN,TN,TN,TN
997,FP,FP,FP,FP,FP,FP,FP,TN,TN,TN,TN,TN,TN,TN,TN,TN,TN,TN,TN,TN,TN
998,FP,FP,FP,FP,FP,FP,TN,TN,TN,TN,TN,TN,TN,TN,TN,TN,TN,TN,TN,TN,TN
999,FP,FP,FP,TN,TN,TN,TN,TN,TN,TN,TN,TN,TN,TN,TN,TN,TN,TN,TN,TN,TN
